{"features":[{"geometry":{"coordinates":[[[[-2.905418,42.693993],[-2.904477,42.697301],[-2.892796,42.695927],[-2.883415,42.692863],[-2.884767,42.684724],[-2.887397,42.681827],[-2.895055,42.679313],[-2.89804,42.682305],[-2.901396,42.682578],[-2.903783,42.686426],[-2.902502,42.693603],[-2.905418,42.693993]]],[[[-2.892842,42.723412],[-2.887194,42.726108],[-2.889152,42.730856],[-2.884832,42.728357],[-2.874475,42.727797],[-2.874056,42.73634],[-2.86886,42.740135],[-2.864927,42.737143],[-2.854214,42.7364],[-2.846739,42.730762],[-2.855222,42.728755],[-2.851602,42.725104],[-2.844239,42.724499],[-2.838384,42.721492],[-2.840869,42.719235],[-2.853627,42.716011],[-2.858597,42.711109],[-2.858285,42.708659],[-2.863527,42.70165],[-2.870162,42.699154],[-2.872724,42.700075],[-2.874439,42.697403],[-2.881031,42.698076],[-2.877371,42.702629],[-2.874879,42.703023],[-2.87443,42.707912],[-2.891829,42.709218],[-2.891132,42.716521],[-2.892842,42.723412]]]],"type":"MultiPolygon"},"id":"municipality:01006","properties":{"autonomous_community_code":"16","code":"01006","level":"municipality","name":"Armiñón","province_code":"01"},"type":"Feature"},{"geometry":{"coordinates":[[[[-3.020706,42.789723],[-3.015376,42.791579],[-3.007574,42.788292],[-2.997732,42.786852],[-2.99404,42.78297],[-2.988978,42.781934],[-2.995764,42.780458],[-2.997634,42.778017],[-2.996156,42.773767],[-3.004138,42.771452],[-3.011165,42.764238],[-3.017974,42.770109],[-3.01608,42.772541],[-3.016864,42.779133],[-3.020706,42.789723]]],[[[-3.009195,42.841037],[-3.001999,42.848683],[-2.999159,42.861885],[-2.993882,42.870728],[-2.992963,42.879075],[-2.990245,42.87622],[-2.978211,42.8725],[-2.969224,42.87238],[-2.953971,42.869404],[-2.941818,42.865805],[-2.937266,42.863686],[-2.937793,42.862741],[-2.918678,42.858415],[-2.915269,42.853541],[-2.906465,42.848203],[-2.894668,42.833667],[-2.890605,42.833916],[-2.885647,42.841637],[-2.88499,42.839701],[-2.867768,42.843843],[-2.876562,42.826247],[-2.87754,42.820367],[-2.874074,42.810566],[-2.878286,42.808256],[-2.85023,42.802396],[-2.835474,42.79627],[-2.841847,42.776196],[-2.84529,42.778056],[-2.853908,42.767856],[-2.853521,42.766189],[-2.84837,42.763292],[-2.852332,42.762153],[-2.851138,42.752668],[-2.855804,42.752501],[-2.852981,42.747834],[-2.862002,42.745854],[-2.873392,42.755461],[-2.879961,42.75201],[-2.887654,42.754836],[-2.896615,42.752639],[-2.900128,42.757045],[-2.909699,42.755153],[-2.90685,42.748109],[-2.912012,42.744213],[-2.918305,42.743948],[-2.920129,42.740941],[-2.918677,42.739977],[-2.925962,42.736722],[-2.926801,42.730265],[-2.925524,42.725582],[-2.93093,42.71911],[-2.940701,42.718917],[-2.940898,42.717323],[-2.943694,42.717541],[-2.949236,42.721272],[-2.953358,42.728793],[-2.951632,42.733421],[-2.951687,42.740653],[-2.948568,42.744758],[-2.938204,42.74822],[-2.926109,42.746655],[-2.937976,42.756064],[-2.942194,42.766341],[-2.936679,42.769472],[-2.945552,42.769711],[-2.944865,42.772745],[-2.941451,42.776256],[-2.943535,42.783218],[-2.951042,42.782033],[-2.952337,42.784131],[-2.956913,42.778793],[-2.962624,42.775454],[-2.961135,42.77223],[-2.974251,42.771891],[-2.978125,42.773198],[-2.985444,42.785275],[-2.975635,42.794684],[-2.967073,42.798293],[-2.967327,42.804102],[-2.9712,42.812091],[-2.969596,42.816025],[-2.966339,42.82014],[-2.953341,42.828573],[-2.961083,42.8337],[-2.971628,42.837044],[-2.987316,42.833076],[-2.991452,42.835544],[-2.99604,42.835184],[-3.002219,42.8373],[-3.009195,42.841037]]]],"type":"MultiPolygon"},"id":"municipality:01046","properties":{"autonomous_community_code":"16","code":"01046","level":"municipality","name":"Erriberagoitia/Ribera Alta","province_code":"01"},"type":"Feature"},{"geometry":{"coordinates":[[[[-2.948455,42.720407],[-2.940898,42.717323],[-2.940701,42.718917],[-2.93093,42.71911],[-2.925524,42.725582],[-2.926801,42.730265],[-2.925962,42.736722],[-2.918677,42.739977],[-2.920129,42.740941],[-2.918305,42.743948],[-2.912012,42.744213],[-2.90685,42.748109],[-2.909699,42.755153],[-2.900128,42.757045],[-2.896615,42.752639],[-2.887654,42.754836],[-2.879961,42.75201],[-2.873392,42.755461],[-2.862084,42.746289],[-2.874056,42.73634],[-2.874475,42.727797],[-2.884832,42.728357],[-2.889152,42.730856],[-2.887194,42.726108],[-2.892842,42.723412],[-2.891132,42.716521],[-2.891829,42.709218],[-2.87443,42.707912],[-2.874879,42.703023],[-2.878521,42.701487],[-2.883415,42.692863],[-2.892796,42.695927],[-2.904477,42.697301],[-2.905418,42.693993],[-2.906908,42.694192],[-2.907394,42.695651],[-2.918501,42.69792],[-2.921659,42.701191],[-2.930317,42.699666],[-2.928028,42.704762],[-2.93021,42.708032],[-2.947011,42.709653],[-2.948455,42.720407]]]],"type":"MultiPolygon"},"id":"municipality:01047","properties":{"autonomous_community_code":"16","code":"01047","level":"municipality","name":"Ribera Baja/Erriberabeitia","province_code":"01"},"type":"Feature"},{"geometry":{"coordinates":[[[[-3.064554,42.779035],[-3.06403,42.781269],[-3.059982,42.779866],[-3.058565,42.780938],[-3.059276,42.782811],[-3.043118,42.789738],[-3.040456,42.788561],[-3.028505,42.791354],[-3.023651,42.788873],[-3.020706,42.789723],[-3.016864,42.779133],[-3.01608,42.772541],[-3.017974,42.770109],[-3.011165,42.764238],[-3.004138,42.771452],[-2.996156,42.773767],[-2.997634,42.778017],[-2.995764,42.780458],[-2.988428,42.782123],[-2.985444,42.785275],[-2.978125,42.773198],[-2.974251,42.771891],[-2.961135,42.77223],[-2.962624,42.775454],[-2.956913,42.778793],[-2.952337,42.784131],[-2.951042,42.782033],[-2.943535,42.783218],[-2.941451,42.776256],[-2.944865,42.772745],[-2.945552,42.769711],[-2.936679,42.769472],[-2.942194,42.766341],[-2.937976,42.756064],[-2.926109,42.746655],[-2.938204,42.74822],[-2.948568,42.744758],[-2.951687,42.740653],[-2.951632,42.733421],[-2.953468,42.729324],[-2.948455,42.720407],[-2.947011,42.709653],[-2.956353,42.7104],[-2.963412,42.708148],[-2.974472,42.708383],[-2.980602,42.703484],[-2.986999,42.709031],[-2.988944,42.719096],[-2.995358,42.721706],[-3.006515,42.722687],[-3.009023,42.724466],[-3.01101,42.727975],[-3.006784,42.729629],[-3.005384,42.732798],[-3.016109,42.733563],[-3.01666,42.741009],[-3.033837,42.736809],[-3.041666,42.739186],[-3.042912,42.743524],[-3.048707,42.749069],[-3.049956,42.755625],[-3.049126,42.758619],[-3.046695,42.760306],[-3.047615,42.765037],[-3.057707,42.762891],[-3.058125,42.766746],[-3.061206,42.768122],[-3.05913,42.770393],[-3.059952,42.7734],[-3.064554,42.779035]]],[[[-3.147913,42.756697],[-3.142037,42.7629],[-3.13664,42.765482],[-3.128233,42.784295],[-3.12306,42.789812],[-3.108939,42.790808],[-3.094502,42.78485],[-3.093857,42.778601],[-3.080494,42.76811],[-3.081777,42.765317],[-3.080981,42.761801],[-3.084486,42.757135],[-3.087722,42.759011],[-3.091075,42.764817],[-3.100398,42.767351],[-3.109503,42.763782],[-3.115705,42.75935],[-3.147913,42.756697]]]],"type":"MultiPolygon"},"id":"municipality:01902","properties":{"autonomous_community_code":"16","code":"01902","level":"municipality","name":"Lantarón","province_code":"01"},"type":"Feature"},{"geometry":{"coordinates":[[[[-3.42664,42.505578],[-3.420538,42.510481],[-3.417461,42.507133],[-3.410012,42.503441],[-3.405632,42.503636],[-3.404534,42.501326],[-3.392457,42.496973],[-3.399876,42.492363],[-3.395021,42.490426],[-3.396877,42.485655],[-3.402087,42.484115],[-3.401789,42.481279],[-3.407971,42.481456],[-3.414692,42.496985],[-3.422052,42.498426],[-3.422304,42.501478],[-3.424814,42.501991],[-3.42664,42.505578]]],[[[-3.417766,42.520092],[-3.412386,42.525794],[-3.410969,42.53077],[-3.408068,42.534041],[-3.401943,42.534026],[-3.396593,42.527579],[-3.392451,42.525161],[-3.382729,42.532138],[-3.374647,42.540963],[-3.357363,42.551195],[-3.348356,42.552249],[-3.34399,42.555865],[-3.345882,42.558714],[-3.335922,42.571],[-3.337074,42.572204],[-3.335995,42.573288],[-3.327381,42.57342],[-3.323609,42.576754],[-3.312258,42.580442],[-3.311737,42.585829],[-3.315687,42.595977],[-3.323498,42.602547],[-3.303832,42.609445],[-3.295042,42.609603],[-3.292401,42.613266],[-3.296878,42.595703],[-3.284838,42.590897],[-3.285355,42.586582],[-3.287686,42.584649],[-3.278553,42.580853],[-3.271399,42.569415],[-3.255718,42.566317],[-3.248903,42.562189],[-3.256909,42.556561],[-3.258603,42.550937],[-3.26222,42.547894],[-3.246537,42.542876],[-3.242456,42.539427],[-3.242452,42.535176],[-3.240541,42.532217],[-3.234928,42.528887],[-3.230605,42.528833],[-3.22801,42.525236],[-3.22232,42.524013],[-3.221684,42.5198],[-3.231251,42.51245],[-3.244731,42.507505],[-3.244842,42.514097],[-3.25369,42.513655],[-3.255902,42.515559],[-3.253705,42.517248],[-3.257711,42.523399],[-3.265262,42.524012],[-3.265491,42.526416],[-3.267847,42.52787],[-3.271535,42.527465],[-3.290131,42.515055],[-3.297285,42.506391],[-3.313182,42.496721],[-3.327414,42.502517],[-3.329107,42.509717],[-3.346593,42.517492],[-3.345443,42.518801],[-3.352907,42.512438],[-3.364803,42.506619],[-3.367659,42.508024],[-3.369357,42.511099],[-3.367151,42.512709],[-3.367114,42.514798],[-3.376309,42.523549],[-3.386752,42.519075],[-3.39292,42.52226],[-3.393908,42.524526],[-3.399495,42.52239],[-3.403984,42.518034],[-3.41294,42.517515],[-3.417766,42.520092]]]],"type":"MultiPolygon"},"id":"municipality:09056","properties":{"autonomous_community_code":"07","code":"09056","level":"municipality","name":"Briviesca","province_code":"09"},"type":"Feature"},{"geometry":{"coordinates":[[[[-3.208246,42.516835],[-3.191229,42.52542],[-3.183365,42.525892],[-3.176838,42.529856],[-3.168298,42.53266],[-3.162756,42.532308],[-3.157664,42.536089],[-3.141645,42.538973],[-3.135307,42.542079],[-3.125327,42.533111],[-3.117398,42.532264],[-3.107456,42.52877],[-3.099918,42.536171],[-3.096786,42.534579],[-3.089302,42.538278],[-3.083611,42.535022],[-3.082696,42.533707],[-3.08407,42.532184],[-3.08128,42.531178],[-3.076472,42.532226],[-3.071779,42.527672],[-3.076446,42.520824],[-3.073981,42.515665],[-3.075139,42.507091],[-3.079292,42.499091],[-3.093252,42.491525],[-3.094695,42.488074],[-3.093987,42.486301],[-3.091432,42.486267],[-3.090422,42.477883],[-3.098087,42.477832],[-3.098432,42.473103],[-3.100996,42.471255],[-3.10162,42.480801],[-3.105709,42.481445],[-3.107683,42.483479],[-3.113989,42.478268],[-3.121382,42.476243],[-3.125445,42.476166],[-3.128178,42.479865],[-3.127599,42.470454],[-3.135886,42.455],[-3.138678,42.452592],[-3.145983,42.450601],[-3.150794,42.45381],[-3.152397,42.45778],[-3.150917,42.459637],[-3.159421,42.460616],[-3.159731,42.462732],[-3.16407,42.466175],[-3.162586,42.470969],[-3.164565,42.474109],[-3.175667,42.476542],[-3.180953,42.474508],[-3.189092,42.478538],[-3.184031,42.4912],[-3.178893,42.498764],[-3.181207,42.499472],[-3.189716,42.495802],[-3.188052,42.500974],[-3.190621,42.501474],[-3.193625,42.504846],[-3.188453,42.509124],[-3.207619,42.511261],[-3.208246,42.516835]]]],"type":"MultiPolygon"},"id":"municipality:09098","properties":{"autonomous_community_code":"07","code":"09098","level":"municipality","name":"Cerezo de Río Tirón","province_code":"09"},"type":"Feature"},{"geometry":{"coordinates":[[[[-3.18243,42.699705],[-3.176464,42.705604],[-3.166459,42.703863],[-3.159143,42.707628],[-3.158416,42.715077],[-3.162132,42.725771],[-3.161236,42.728699],[-3.154177,42.729222],[-3.150424,42.733504],[-3.147599,42.732121],[-3.144574,42.733944],[-3.139807,42.733004],[-3.13937,42.728376],[-3.131998,42.719865],[-3.133706,42.718801],[-3.132588,42.715632],[-3.134872,42.704336],[-3.132268,42.702718],[-3.136101,42.702272],[-3.138119,42.698362],[-3.146073,42.700567],[-3.151368,42.698984],[-3.158771,42.691004],[-3.157719,42.680487],[-3.149452,42.678607],[-3.14413,42.6733],[-3.141304,42.675456],[-3.1318,42.671577],[-3.120118,42.676552],[-3.10835,42.675032],[-3.104148,42.672641],[-3.101,42.673094],[-3.09571,42.669361],[-3.084396,42.668307],[-3.07922,42.657513],[-3.083742,42.653457],[-3.079227,42.653118],[-3.079042,42.651002],[-3.081173,42.648452],[-3.080509,42.644183],[-3.084152,42.640687],[-3.084743,42.635346],[-3.081066,42.631314],[-3.086403,42.627717],[-3.077875,42.62485],[-3.081022,42.615725],[-3.095219,42.60189],[-3.117663,42.603094],[-3.15085,42.599535],[-3.161542,42.605086],[-3.164349,42.610783],[-3.154503,42.622999],[-3.155667,42.625168],[-3.154821,42.628582],[-3.160325,42.634672],[-3.154437,42.650935],[-3.154613,42.658121],[-3.156327,42.660334],[-3.155179,42.674961],[-3.158807,42.681161],[-3.159157,42.68905],[-3.163466,42.698527],[-3.1722,42.695641],[-3.175154,42.691053],[-3.179635,42.691289],[-3.181175,42.691791],[-3.18243,42.699705]]]],"type":"MultiPolygon"},"id":"municipality:09251","properties":{"autonomous_community_code":"07","code":"09251","level":"municipality","name":"Pancorbo","province_code":"09"},"type":"Feature"},{"geometry":{"coordinates":[[[[-3.26222,42.547894],[-3.258603,42.550937],[-3.256909,42.556561],[-3.248903,42.562189],[-3.229786,42.551476],[-3.210215,42.566985],[-3.210239,42.577675],[-3.188047,42.58128],[-3.185787,42.583553],[-3.173036,42.586391],[-3.169164,42.59235],[-3.159377,42.597524],[-3.157887,42.596076],[-3.158394,42.579793],[-3.156847,42.574977],[-3.153432,42.573541],[-3.152244,42.570957],[-3.153316,42.570956],[-3.141543,42.55884],[-3.135113,42.548536],[-3.134271,42.542053],[-3.141645,42.538973],[-3.157664,42.536089],[-3.162756,42.532308],[-3.168298,42.53266],[-3.176838,42.529856],[-3.183365,42.525892],[-3.191229,42.52542],[-3.208246,42.516835],[-3.212888,42.517835],[-3.218726,42.51614],[-3.220706,42.511489],[-3.224198,42.511068],[-3.231251,42.51245],[-3.221684,42.5198],[-3.22232,42.524013],[-3.22801,42.525236],[-3.230605,42.528833],[-3.237793,42.529899],[-3.242243,42.534546],[-3.242456,42.539427],[-3.246537,42.542876],[-3.26222,42.547894]]]],"type":"MultiPolygon"},"id":"municipality:09298","properties":{"autonomous_community_code":"07","code":"09298","level":"municipality","name":"Quintanilla San García","province_code":"09"},"type":"Feature"},{"geometry":{"coordinates":[[[[-3.19617,42.630025],[-3.191219,42.644779],[-3.19172,42.654932],[-3.18444,42.656411],[-3.174004,42.650376],[-3.170512,42.644626],[-3.169091,42.63782],[-3.17038,42.632145],[-3.168392,42.627573],[-3.163669,42.621311],[-3.156644,42.620781],[-3.164349,42.610783],[-3.164173,42.60882],[-3.161542,42.605086],[-3.15411,42.601971],[-3.159377,42.597524],[-3.158415,42.602758],[-3.164771,42.608972],[-3.167653,42.60623],[-3.176654,42.60338],[-3.190416,42.607059],[-3.195882,42.6124],[-3.196014,42.615605],[-3.19426,42.616239],[-3.196078,42.616389],[-3.192683,42.617884],[-3.190669,42.623988],[-3.1955,42.623969],[-3.19617,42.630025]]]],"type":"MultiPolygon"},"id":"municipality:09353","properties":{"autonomous_community_code":"07","code":"09353","level":"municipality","name":"Santa María Ribarredonda","province_code":"09"},"type":"Feature"},{"geometry":{"coordinates":[[[[-3.255446,42.568307],[-3.237212,42.585953],[-3.230897,42.585416],[-3.228648,42.586763],[-3.226698,42.583579],[-3.219194,42.58788],[-3.217377,42.587523],[-3.213953,42.594914],[-3.198718,42.603155],[-3.193369,42.603911],[-3.190416,42.607059],[-3.176654,42.60338],[-3.167653,42.60623],[-3.164771,42.608972],[-3.158415,42.602758],[-3.159911,42.596244],[-3.169164,42.59235],[-3.173036,42.586391],[-3.185787,42.583553],[-3.188047,42.58128],[-3.210239,42.577675],[-3.210215,42.566985],[-3.229786,42.551476],[-3.248903,42.562189],[-3.255446,42.568307]]]],"type":"MultiPolygon"},"id":"municipality:09408","properties":{"autonomous_community_code":"07","code":"09408","level":"municipality","name":"Vallarta de Bureba","province_code":"09"},"type":"Feature"},{"geometry":{"coordinates":[[[[-3.159377,42.597524],[-3.15411,42.601971],[-3.15085,42.599535],[-3.117663,42.603094],[-3.098656,42.601842],[-3.099788,42.600553],[-3.093273,42.588509],[-3.087381,42.584605],[-3.082359,42.574018],[-3.088283,42.567106],[-3.102428,42.559431],[-3.104239,42.55679],[-3.103745,42.553107],[-3.10544,42.553925],[-3.114912,42.551278],[-3.126334,42.543809],[-3.134271,42.542053],[-3.135113,42.548536],[-3.141543,42.55884],[-3.153316,42.570956],[-3.152244,42.570957],[-3.153432,42.573541],[-3.156847,42.574977],[-3.158394,42.579793],[-3.157887,42.596076],[-3.159377,42.597524]]]],"type":"MultiPolygon"},"id":"municipality:09419","properties":{"autonomous_community_code":"07","code":"09419","level":"municipality","name":"Valluércanes","province_code":"09"},"type":"Feature"},{"geometry":{"coordinates":[[[[-6.80207,39.389497],[-6.795373,39.397002],[-6.798193,39.404026],[-6.797148,39.407032],[-6.791135,39.409822],[-6.789597,39.41316],[-6.780429,39.420538],[-6.776966,39.429514],[-6.765497,39.436947],[-6.760662,39.438194],[-6.763778,39.443641],[-6.759606,39.443605],[-6.753285,39.448331],[-6.750088,39.448074],[-6.748952,39.454172],[-6.743381,39.457522],[-6.74034,39.458017],[-6.738041,39.456316],[-6.72551,39.466852],[-6.687639,39.472789],[-6.686452,39.478465],[-6.682218,39.483914],[-6.675343,39.485122],[-6.660809,39.493237],[-6.652289,39.501891],[-6.648855,39.509141],[-6.643113,39.505413],[-6.645307,39.501111],[-6.648513,39.500839],[-6.647207,39.496547],[-6.649105,39.492606],[-6.645617,39.494156],[-6.637465,39.492313],[-6.636785,39.490641],[-6.639526,39.486376],[-6.636703,39.484834],[-6.637273,39.483511],[-6.627091,39.480821],[-6.628251,39.470498],[-6.620023,39.460433],[-6.620122,39.458745],[-6.623489,39.457812],[-6.623344,39.455465],[-6.620878,39.453615],[-6.618375,39.454864],[-6.61819,39.450618],[-6.602814,39.448718],[-6.5996,39.451709],[-6.59053,39.451792],[-6.584814,39.449987],[-6.581329,39.452472],[-6.581013,39.449257],[-6.579002,39.449698],[-6.57708,39.453675],[-6.578679,39.457904],[-6.573036,39.459114],[-6.568221,39.462657],[-6.562008,39.462281],[-6.549036,39.465632],[-6.542061,39.478167],[-6.540394,39.47647],[-6.534068,39.475708],[-6.521913,39.466296],[-6.526211,39.462823],[-6.526958,39.458982],[-6.531262,39.453789],[-6.534312,39.452525],[-6.537405,39.447531],[-6.537173,39.440197],[-6.546818,39.429743],[-6.543249,39.427843],[-6.536574,39.428605],[-6.536074,39.424918],[-6.53399,39.427332],[-6.530506,39.425268],[-6.5262,39.428551],[-6.510422,39.427984],[-6.509446,39.419871],[-6.504738,39.416067],[-6.501273,39.415758],[-6.499588,39.413187],[-6.491312,39.409527],[-6.482163,39.407901],[-6.477203,39.408797],[-6.471278,39.415514],[-6.470768,39.418114],[-6.473208,39.423274],[-6.469844,39.432959],[-6.46771,39.435815],[-6.461164,39.43828],[-6.456587,39.449541],[-6.459454,39.453932],[-6.467031,39.457471],[-6.467417,39.459865],[-6.474784,39.460104],[-6.476631,39.461724],[-6.47554,39.46572],[-6.481105,39.471759],[-6.479235,39.477373],[-6.481247,39.487644],[-6.476296,39.49489],[-6.471786,39.495845],[-6.469029,39.49581],[-6.466992,39.493889],[-6.465653,39.494767],[-6.461522,39.501024],[-6.445545,39.512984],[-6.473921,39.527469],[-6.483264,39.530549],[-6.493782,39.537096],[-6.509951,39.540779],[-6.521497,39.539987],[-6.531663,39.545227],[-6.544552,39.546798],[-6.549754,39.549341],[-6.550147,39.550887],[-6.547098,39.552007],[-6.552349,39.556864],[-6.549562,39.55948],[-6.557392,39.567202],[-6.558132,39.569837],[-6.55153,39.570228],[-6.557295,39.576438],[-6.549046,39.581284],[-6.536539,39.584151],[-6.535423,39.578916],[-6.537151,39.573315],[-6.534442,39.571533],[-6.527057,39.569344],[-6.525595,39.571037],[-6.523186,39.570813],[-6.52322,39.569416],[-6.520354,39.571412],[-6.514026,39.567335],[-6.505566,39.56505],[-6.496104,39.566417],[-6.490455,39.572126],[-6.486521,39.573505],[-6.483956,39.57016],[-6.478585,39.56797],[-6.467093,39.566224],[-6.464581,39.559715],[-6.467069,39.555236],[-6.459413,39.551258],[-6.459062,39.547945],[-6.452818,39.542159],[-6.453324,39.538991],[-6.441071,39.539409],[-6.429999,39.533314],[-6.421099,39.532829],[-6.413754,39.53627],[-6.399427,39.539222],[-6.39058,39.547948],[-6.382262,39.553225],[-6.38641,39.558851],[-6.385408,39.567419],[-6.389929,39.589725],[-6.393459,39.59263],[-6.402186,39.595635],[-6.420184,39.597493],[-6.42825,39.612288],[-6.430391,39.620277],[-6.429102,39.622702],[-6.432795,39.623197],[-6.441379,39.620141],[-6.444874,39.625784],[-6.452306,39.627211],[-6.464299,39.624557],[-6.465733,39.627388],[-6.447807,39.639802],[-6.440596,39.648267],[-6.436996,39.648743],[-6.42923,39.640605],[-6.420555,39.634331],[-6.421865,39.627816],[-6.418889,39.622743],[-6.411084,39.618451],[-6.403716,39.617595],[-6.391342,39.613184],[-6.389062,39.607756],[-6.382278,39.607134],[-6.374276,39.601332],[-6.3422,39.593415],[-6.316402,39.589543],[-6.306824,39.589618],[-6.305597,39.591238],[-6.296736,39.592931],[-6.292923,39.595994],[-6.285743,39.595099],[-6.281875,39.590839],[-6.277889,39.589763],[-6.273715,39.583963],[-6.267556,39.587658],[-6.261849,39.583873],[-6.253698,39.583832],[-6.251274,39.581026],[-6.248368,39.583369],[-6.241344,39.582772],[-6.241327,39.580908],[-6.243888,39.579152],[-6.242721,39.575852],[-6.233936,39.577664],[-6.223506,39.573648],[-6.215123,39.572584],[-6.206645,39.567684],[-6.200769,39.571008],[-6.196171,39.565423],[-6.190263,39.567288],[-6.188723,39.566195],[-6.18937,39.560503],[-6.183445,39.558431],[-6.177349,39.553383],[-6.177304,39.551114],[-6.170493,39.552048],[-6.168605,39.546614],[-6.160996,39.548415],[-6.156534,39.546501],[-6.158204,39.542798],[-6.15426,39.53869],[-6.144657,39.540626],[-6.143743,39.537407],[-6.136686,39.53904],[-6.139956,39.535979],[-6.135514,39.533441],[-6.140018,39.531158],[-6.138465,39.527678],[-6.145789,39.525255],[-6.142663,39.521457],[-6.137819,39.524443],[-6.137115,39.519904],[-6.133786,39.519598],[-6.132644,39.517728],[-6.13391,39.513829],[-6.131498,39.511138],[-6.127299,39.511368],[-6.127626,39.508296],[-6.117087,39.50613],[-6.115789,39.496355],[-6.109642,39.49252],[-6.109232,39.483586],[-6.102041,39.485255],[-6.101368,39.483715],[-6.104097,39.481309],[-6.101922,39.479701],[-6.097566,39.482123],[-6.096466,39.479342],[-6.098399,39.47602],[-6.088763,39.469187],[-6.098307,39.463204],[-6.091654,39.458355],[-6.094311,39.455897],[-6.09342,39.454417],[-6.089826,39.45617],[-6.088091,39.453739],[-6.083981,39.455379],[-6.081375,39.453989],[-6.081065,39.452231],[-6.08384,39.449302],[-6.089462,39.448991],[-6.087055,39.44737],[-6.091428,39.441957],[-6.09047,39.439488],[-6.091734,39.437319],[-6.088396,39.434354],[-6.083439,39.433621],[-6.087214,39.432043],[-6.083839,39.427692],[-6.089591,39.425386],[-6.088756,39.422778],[-6.084428,39.421299],[-6.08165,39.425994],[-6.081242,39.423059],[-6.07874,39.421621],[-6.083439,39.418361],[-6.08079,39.415162],[-6.080988,39.410959],[-6.084774,39.411489],[-6.087697,39.407736],[-6.084675,39.40424],[-6.08956,39.404957],[-6.091953,39.403677],[-6.090927,39.401723],[-6.088224,39.402308],[-6.087239,39.400506],[-6.08466,39.400475],[-6.084472,39.398318],[-6.090414,39.399313],[-6.091047,39.396306],[-6.093714,39.396748],[-6.094925,39.395257],[-6.091591,39.394427],[-6.09353,39.39179],[-6.091101,39.388062],[-6.085336,39.386837],[-6.08659,39.38447],[-6.09047,39.385061],[-6.091954,39.383454],[-6.088664,39.382289],[-6.083788,39.384103],[-6.083511,39.38284],[-6.086291,39.38192],[-6.080046,39.375834],[-6.085716,39.373873],[-6.083975,39.372289],[-6.084881,39.367283],[-6.088584,39.367833],[-6.088558,39.364618],[-6.09097,39.364833],[-6.093554,39.368422],[-6.098321,39.364962],[-6.146719,39.362771],[-6.149351,39.364528],[-6.178718,39.358549],[-6.193426,39.353084],[-6.2,39.347904],[-6.20383,39.350212],[-6.209487,39.349354],[-6.202845,39.355077],[-6.202008,39.357064],[-6.204909,39.358596],[-6.196986,39.367291],[-6.196637,39.373624],[-6.194566,39.376825],[-6.196113,39.379187],[-6.200451,39.378599],[-6.202961,39.385016],[-6.210691,39.381191],[-6.215493,39.382643],[-6.216686,39.38461],[-6.221379,39.384687],[-6.230279,39.378063],[-6.237011,39.378326],[-6.239076,39.380295],[-6.232034,39.388184],[-6.232944,39.401842],[-6.248385,39.405312],[-6.259892,39.404818],[-6.264898,39.398138],[-6.280893,39.387662],[-6.281303,39.38502],[-6.271474,39.375632],[-6.271261,39.371836],[-6.276139,39.36397],[-6.271672,39.364979],[-6.27,39.367926],[-6.259787,39.365925],[-6.260292,39.353084],[-6.267682,39.35457],[-6.272478,39.352922],[-6.281778,39.353551],[-6.279734,39.344835],[-6.285223,39.337933],[-6.287148,39.326034],[-6.295201,39.3244],[-6.299889,39.325429],[-6.302783,39.320384],[-6.297627,39.315062],[-6.301848,39.315807],[-6.305521,39.313766],[-6.310756,39.31487],[-6.314628,39.322209],[-6.327408,39.319997],[-6.322013,39.296668],[-6.355473,39.29332],[-6.36349,39.287423],[-6.365959,39.279443],[-6.362309,39.278242],[-6.356644,39.280477],[-6.342698,39.279203],[-6.337909,39.276711],[-6.33527,39.272877],[-6.322856,39.270629],[-6.310669,39.274408],[-6.305883,39.277868],[-6.296303,39.267358],[-6.296489,39.2612],[-6.299995,39.254173],[-6.299292,39.252779],[-6.295623,39.25037],[-6.291451,39.25011],[-6.30022,39.236737],[-6.306518,39.230027],[-6.307864,39.218485],[-6.313319,39.207908],[-6.319071,39.200727],[-6.321553,39.193711],[-6.319665,39.191468],[-6.319484,39.18395],[-6.324171,39.186571],[-6.330367,39.186532],[-6.348529,39.181201],[-6.355936,39.177482],[-6.371695,39.162351],[-6.397021,39.166654],[-6.402014,39.164476],[-6.4151,39.165773],[-6.430416,39.173782],[-6.438687,39.175844],[-6.445153,39.173419],[-6.454434,39.174585],[-6.470431,39.173253],[-6.491124,39.167924],[-6.540357,39.181695],[-6.535987,39.176018],[-6.536025,39.163389],[-6.538673,39.155273],[-6.541858,39.155348],[-6.553733,39.157517],[-6.574166,39.158347],[-6.574101,39.167693],[-6.578183,39.170369],[-6.5844,39.171115],[-6.583323,39.175417],[-6.579221,39.178957],[-6.580096,39.179795],[-6.605862,39.188016],[-6.614777,39.188748],[-6.620341,39.192061],[-6.626779,39.191897],[-6.626936,39.194044],[-6.633366,39.196843],[-6.645258,39.193346],[-6.659735,39.19907],[-6.681001,39.177152],[-6.6901,39.178539],[-6.70841,39.184955],[-6.732679,39.189746],[-6.738177,39.189524],[-6.75064,39.194041],[-6.753234,39.19385],[-6.761349,39.188453],[-6.767502,39.188372],[-6.784254,39.200735],[-6.787797,39.20914],[-6.792934,39.211864],[-6.797898,39.219971],[-6.796896,39.226299],[-6.80085,39.231115],[-6.800859,39.239419],[-6.792785,39.247564],[-6.784317,39.252928],[-6.77895,39.265379],[-6.769392,39.267986],[-6.761175,39.276611],[-6.755115,39.296352],[-6.751341,39.303598],[-6.750398,39.31241],[-6.747192,39.315774],[-6.746746,39.321751],[-6.748757,39.325758],[-6.771326,39.328811],[-6.775503,39.331647],[-6.777832,39.335481],[-6.797006,39.344511],[-6.796485,39.350941],[-6.794932,39.352046],[-6.794908,39.361666],[-6.790977,39.36836],[-6.801438,39.383645],[-6.80207,39.389497]],[[-6.768858,39.403216],[-6.753708,39.399554],[-6.746186,39.403246],[-6.743243,39.395334],[-6.73598,39.389533],[-6.73058,39.379042],[-6.737938,39.372744],[-6.734862,39.362719],[-6.725855,39.353929],[-6.719512,39.350494],[-6.710484,39.350458],[-6.697421,39.353955],[-6.694382,39.360347],[-6.678491,39.3664],[-6.66824,39.367633],[-6.660984,39.365574],[-6.653557,39.368897],[-6.637101,39.38115],[-6.633932,39.385176],[-6.647357,39.393547],[-6.649758,39.396849],[-6.646003,39.401434],[-6.647537,39.407016],[-6.660046,39.415756],[-6.653792,39.422284],[-6.648304,39.424384],[-6.641517,39.422066],[-6.639606,39.423729],[-6.639904,39.425657],[-6.641524,39.427335],[-6.648688,39.428849],[-6.64771,39.432356],[-6.649828,39.436001],[-6.658624,39.432734],[-6.660383,39.433939],[-6.660601,39.438553],[-6.664029,39.44212],[-6.668323,39.444686],[-6.67395,39.445211],[-6.672733,39.448132],[-6.673898,39.450626],[-6.679069,39.452201],[-6.683456,39.455637],[-6.67959,39.460308],[-6.680653,39.461302],[-6.692824,39.459861],[-6.700548,39.462444],[-6.698669,39.459657],[-6.701514,39.456117],[-6.702105,39.450829],[-6.705102,39.447987],[-6.739506,39.440705],[-6.746459,39.432402],[-6.750902,39.421901],[-6.75892,39.411428],[-6.757532,39.404826],[-6.768858,39.403216]],[[-6.299079,39.444923],[-6.291656,39.429649],[-6.289714,39.420462],[-6.287246,39.418361],[-6.281336,39.420384],[-6.260761,39.416729],[-6.260057,39.419578],[-6.253887,39.425245],[-6.23906,39.419084],[-6.234093,39.425437],[-6.230947,39.438532],[-6.231943,39.448251],[-6.245482,39.449576],[-6.274206,39.458814],[-6.281751,39.45988],[-6.287662,39.456579],[-6.291093,39.451239],[-6.294696,39.45002],[-6.299079,39.444923]]]],"type":"MultiPolygon"},"id":"municipality:10037","properties":{"autonomous_community_code":"11","code":"10037","level":"municipality","name":"Cáceres","province_code":"10"},"type":"Feature"},{"geometry":{"coordinates":[[[[-6.535179,39.532231],[-6.533924,39.53798],[-6.53088,39.539432],[-6.52982,39.544454],[-6.521497,39.539987],[-6.508649,39.540575],[-6.493782,39.537096],[-6.483264,39.530549],[-6.473921,39.527469],[-6.445545,39.512984],[-6.459753,39.502617],[-6.466992,39.493889],[-6.469029,39.49581],[-6.473141,39.495732],[-6.479443,39.492022],[-6.481247,39.487644],[-6.479235,39.477373],[-6.481105,39.471759],[-6.47554,39.46572],[-6.476631,39.461724],[-6.474784,39.460104],[-6.487383,39.45924],[-6.499584,39.472447],[-6.507835,39.476377],[-6.505185,39.48378],[-6.505199,39.490058],[-6.518549,39.502129],[-6.521902,39.509134],[-6.528867,39.509815],[-6.529696,39.512167],[-6.526392,39.515357],[-6.52846,39.521969],[-6.533907,39.527559],[-6.535179,39.532231]]],[[[-6.57052,39.61069],[-6.566829,39.611614],[-6.564526,39.616207],[-6.56067,39.617757],[-6.550727,39.614856],[-6.540065,39.615884],[-6.531162,39.611886],[-6.526538,39.614377],[-6.517563,39.615136],[-6.498457,39.623793],[-6.489276,39.621872],[-6.48561,39.624252],[-6.465733,39.627388],[-6.464299,39.624557],[-6.452306,39.627211],[-6.444874,39.625784],[-6.441379,39.620141],[-6.430077,39.623106],[-6.42825,39.612288],[-6.420184,39.597493],[-6.402186,39.595635],[-6.393459,39.59263],[-6.389929,39.589725],[-6.385408,39.567419],[-6.38641,39.558851],[-6.382262,39.553225],[-6.39058,39.547948],[-6.399427,39.539222],[-6.413754,39.53627],[-6.420451,39.532885],[-6.429999,39.533314],[-6.441071,39.539409],[-6.453324,39.538991],[-6.452818,39.542159],[-6.459062,39.547945],[-6.459413,39.551258],[-6.467069,39.555236],[-6.464581,39.559715],[-6.467093,39.566224],[-6.478585,39.56797],[-6.483956,39.57016],[-6.486521,39.573505],[-6.490455,39.572126],[-6.496104,39.566417],[-6.505566,39.56505],[-6.514026,39.567335],[-6.520354,39.571412],[-6.52322,39.569416],[-6.523186,39.570813],[-6.525595,39.571037],[-6.527057,39.569344],[-6.534442,39.571533],[-6.537151,39.573315],[-6.535423,39.578916],[-6.536539,39.584151],[-6.549046,39.581284],[-6.557295,39.576438],[-6.556634,39.580583],[-6.567897,39.594108],[-6.564414,39.604051],[-6.57052,39.61069]]]],"type":"MultiPolygon"},"id":"municipality:10049","properties":{"autonomous_community_code":"11","code":"10049","level":"municipality","name":"Casar de Cáceres","province_code":"10"},"type":"Feature"},{"geometry":{"coordinates":[[[[-6.604235,39.958493],[-6.600829,39.962057],[-6.602971,39.968304],[-6.595627,39.971334],[-6.597999,39.976826],[-6.594899,39.982453],[-6.580514,39.993716],[-6.576322,39.994395],[-6.571275,39.992596],[-6.568427,39.994341],[-6.567484,39.997387],[-6.559544,40.00345],[-6.559639,40.006626],[-6.555846,40.012985],[-6.542339,40.017019],[-6.537607,40.021775],[-6.532744,40.017448],[-6.525463,40.017553],[-6.521062,40.014201],[-6.500539,40.006861],[-6.499431,40.013353],[-6.501617,40.017394],[-6.500278,40.020532],[-6.502131,40.022629],[-6.5017,40.027722],[-6.492849,40.029673],[-6.483815,40.028496],[-6.478422,40.023605],[-6.465618,40.01899],[-6.463892,40.014746],[-6.464035,40.006464],[-6.458075,39.997681],[-6.448406,39.9966],[-6.444747,40.003941],[-6.438927,40.009095],[-6.42354,40.007525],[-6.419035,39.995192],[-6.421103,39.990402],[-6.430946,39.981185],[-6.420825,39.975684],[-6.404504,39.971419],[-6.397681,39.963657],[-6.402064,39.958106],[-6.418546,39.952757],[-6.421784,39.953148],[-6.429679,39.95984],[-6.440677,39.964198],[-6.456223,39.95888],[-6.46047,39.955132],[-6.466855,39.952501],[-6.49132,39.953531],[-6.491856,39.951182],[-6.497073,39.947908],[-6.498061,39.936079],[-6.496233,39.928668],[-6.505278,39.930088],[-6.521061,39.928051],[-6.526044,39.928944],[-6.534066,39.932059],[-6.536381,39.941121],[-6.544822,39.938945],[-6.556373,39.939437],[-6.559103,39.944938],[-6.55595,39.948664],[-6.5549,39.958208],[-6.565678,39.958642],[-6.575924,39.961884],[-6.587689,39.957674],[-6.598104,39.958305],[-6.601271,39.956667],[-6.602571,39.958896],[-6.604235,39.958493]]]],"type":"MultiPolygon"},"id":"municipality:10067","properties":{"autonomous_community_code":"11","code":"10067","level":"municipality","name":"Coria","province_code":"10"},"type":"Feature"},{"geometry":{"coordinates":[[[[-6.541293,40.102641],[-6.535565,40.10776],[-6.507812,40.109803],[-6.503405,40.114449],[-6.498574,40.116072],[-6.483335,40.115839],[-6.471045,40.110174],[-6.464445,40.110705],[-6.461232,40.112818],[-6.453427,40.111583],[-6.450826,40.112805],[-6.446478,40.105216],[-6.44057,40.099483],[-6.438203,40.064373],[-6.436361,40.058979],[-6.426669,40.052457],[-6.415321,40.049361],[-6.412285,40.04419],[-6.402917,40.038918],[-6.40339,40.036409],[-6.407555,40.037223],[-6.412349,40.032786],[-6.419041,40.032354],[-6.420071,40.029991],[-6.420659,40.023237],[-6.417601,40.021814],[-6.41491,40.010148],[-6.421259,40.006889],[-6.422808,40.008348],[-6.438927,40.009095],[-6.444747,40.003941],[-6.448406,39.9966],[-6.459019,39.998049],[-6.464035,40.006464],[-6.464879,40.018265],[-6.468744,40.021031],[-6.479039,40.023974],[-6.488573,40.034729],[-6.496411,40.039996],[-6.500741,40.053609],[-6.499402,40.056288],[-6.508229,40.072981],[-6.534476,40.100327],[-6.541293,40.102641]]]],"type":"MultiPolygon"},"id":"municipality:10088","properties":{"autonomous_community_code":"11","code":"10088","level":"municipality","name":"Guijo de Coria","province_code":"10"},"type":"Feature"},{"geometry":{"coordinates":[[[[-6.546818,39.429743],[-6.537173,39.440197],[-6.537405,39.447531],[-6.534312,39.452525],[-6.531262,39.453789],[-6.526958,39.458982],[-6.526211,39.462823],[-6.521913,39.466296],[-6.5244,39.469301],[-6.52164,39.474717],[-6.515678,39.471249],[-6.502632,39.473904],[-6.499584,39.472447],[-6.487383,39.45924],[-6.467417,39.459865],[-6.467031,39.457471],[-6.459454,39.453932],[-6.456587,39.449541],[-6.461164,39.43828],[-6.46771,39.435815],[-6.469844,39.432959],[-6.473208,39.423274],[-6.470768,39.418114],[-6.471278,39.415514],[-6.477203,39.408797],[-6.482163,39.407901],[-6.491312,39.409527],[-6.499588,39.413187],[-6.501273,39.415758],[-6.504738,39.416067],[-6.509446,39.419871],[-6.510422,39.427984],[-6.5262,39.428551],[-6.530506,39.425268],[-6.53399,39.427332],[-6.536074,39.424918],[-6.536574,39.428605],[-6.543249,39.427843],[-6.546818,39.429743]]]],"type":"MultiPolygon"},"id":"municipality:10115","properties":{"autonomous_community_code":"11","code":"10115","level":"municipality","name":"Malpartida de Cáceres","province_code":"10"},"type":"Feature"},{"geometry":{"coordinates":[[[[-6.457475,40.153001],[-6.455734,40.161483],[-6.452121,40.16777],[-6.439007,40.174744],[-6.438267,40.173352],[-6.429816,40.171523],[-6.426454,40.168182],[-6.419604,40.167844],[-6.417009,40.165507],[-6.400909,40.167279],[-6.395982,40.165946],[-6.385759,40.169786],[-6.369656,40.165618],[-6.35635,40.160042],[-6.35939,40.155522],[-6.356455,40.142656],[-6.352821,40.136069],[-6.345873,40.114285],[-6.349912,40.11125],[-6.357537,40.112686],[-6.364139,40.110486],[-6.38344,40.11058],[-6.391172,40.117919],[-6.420141,40.110276],[-6.418783,40.103552],[-6.44057,40.099483],[-6.446478,40.105216],[-6.450826,40.112805],[-6.442188,40.122474],[-6.431106,40.129576],[-6.41806,40.144815],[-6.422937,40.147264],[-6.42438,40.151239],[-6.430677,40.149008],[-6.445615,40.153364],[-6.447274,40.155062],[-6.450516,40.152101],[-6.457475,40.153001]]]],"type":"MultiPolygon"},"id":"municipality:10152","properties":{"autonomous_community_code":"11","code":"10152","level":"municipality","name":"Pozuelo de Zarzón","province_code":"10"},"type":"Feature"},{"geometry":{"coordinates":[[[[-5.707389,36.247495],[-5.699299,36.254581],[-5.695045,36.249955],[-5.684497,36.246389],[-5.670013,36.249426],[-5.655695,36.249492],[-5.653845,36.253346],[-5.64963,36.254737],[-5.652147,36.255466],[-5.645861,36.267682],[-5.650235,36.274597],[-5.640486,36.285547],[-5.637381,36.291194],[-5.627218,36.296547],[-5.626607,36.301589],[-5.616249,36.31748],[-5.605588,36.318399],[-5.589149,36.332834],[-5.583493,36.333912],[-5.577384,36.340885],[-5.573745,36.342017],[-5.573403,36.350372],[-5.562829,36.348992],[-5.559633,36.347568],[-5.558833,36.342258],[-5.553614,36.339984],[-5.551125,36.335349],[-5.546467,36.33189],[-5.541279,36.319928],[-5.534191,36.31949],[-5.527672,36.313733],[-5.52822,36.310641],[-5.538184,36.305532],[-5.55471,36.29307],[-5.554017,36.287884],[-5.556615,36.28406],[-5.555735,36.279694],[-5.553628,36.277482],[-5.540422,36.273765],[-5.519007,36.271275],[-5.516842,36.263188],[-5.503831,36.263809],[-5.492276,36.261016],[-5.487298,36.263364],[-5.48201,36.263245],[-5.475534,36.253958],[-5.46735,36.252593],[-5.459221,36.254849],[-5.457753,36.250017],[-5.454697,36.247226],[-5.449733,36.246865],[-5.445389,36.242746],[-5.43853,36.244351],[-5.436667,36.241206],[-5.438382,36.237706],[-5.439196,36.226379],[-5.435731,36.219977],[-5.435963,36.214753],[-5.431874,36.20749],[-5.423616,36.200828],[-5.425475,36.197672],[-5.424758,36.194398],[-5.417449,36.186051],[-5.414139,36.177601],[-5.417237,36.176433],[-5.416186,36.174459],[-5.419851,36.173175],[-5.416708,36.174539],[-5.419514,36.178638],[-5.418078,36.175344],[-5.419938,36.177451],[-5.423691,36.17525],[-5.425291,36.176362],[-5.430113,36.172582],[-5.442256,36.176255],[-5.442922,36.170586],[-5.449804,36.169648],[-5.455392,36.162922],[-5.4598,36.163207],[-5.46346,36.168063],[-5.468609,36.168007],[-5.479474,36.162803],[-5.476428,36.160398],[-5.476942,36.158566],[-5.481307,36.152968],[-5.486096,36.152676],[-5.48613,36.151217],[-5.488181,36.150879],[-5.48999,36.143603],[-5.51387,36.137749],[-5.51949,36.128831],[-5.536384,36.131364],[-5.539251,36.121718],[-5.551728,36.10933],[-5.561297,36.111381],[-5.575661,36.111481],[-5.590304,36.116968],[-5.600507,36.123034],[-5.598631,36.150799],[-5.597357,36.1522],[-5.598694,36.156953],[-5.608112,36.163398],[-5.610023,36.168422],[-5.607241,36.171675],[-5.606917,36.174867],[-5.618006,36.182004],[-5.623849,36.183054],[-5.628454,36.1918],[-5.638433,36.189688],[-5.640245,36.193209],[-5.643105,36.193508],[-5.658542,36.206004],[-5.660424,36.206005],[-5.670646,36.197497],[-5.681092,36.19711],[-5.685669,36.202072],[-5.686471,36.206204],[-5.694224,36.211169],[-5.695606,36.214784],[-5.694517,36.221946],[-5.698015,36.235044],[-5.707389,36.247495]]]],"type":"MultiPolygon"},"id":"municipality:11008","properties":{"autonomous_community_code":"01","code":"11008","level":"municipality","name":"Los Barrios","province_code":"11"},"type":"Feature"},{"geometry":{"coordinates":[[[[-5.582067,36.362492],[-5.580568,36.364209],[-5.574025,36.363399],[-5.54076,36.366939],[-5.536589,36.365143],[-5.527465,36.36654],[-5.524984,36.364938],[-5.518912,36.365439],[-5.511384,36.368224],[-5.476478,36.370797],[-5.472517,36.373362],[-5.46589,36.372392],[-5.460361,36.369077],[-5.453868,36.368292],[-5.438069,36.36177],[-5.433091,36.363429],[-5.426822,36.362715],[-5.42607,36.360008],[-5.424752,36.360253],[-5.425994,36.357226],[-5.422343,36.352093],[-5.420193,36.351578],[-5.420591,36.347742],[-5.414931,36.347741],[-5.406431,36.343964],[-5.402511,36.338921],[-5.391937,36.331724],[-5.388956,36.330535],[-5.384587,36.333203],[-5.377655,36.329427],[-5.366764,36.332247],[-5.36452,36.326742],[-5.355244,36.323412],[-5.353616,36.317178],[-5.360722,36.310375],[-5.35925,36.304786],[-5.360529,36.302726],[-5.359426,36.293344],[-5.367128,36.283651],[-5.385277,36.280796],[-5.403219,36.267002],[-5.411339,36.250064],[-5.425523,36.248437],[-5.436719,36.240815],[-5.43853,36.244351],[-5.445389,36.242746],[-5.449733,36.246865],[-5.454697,36.247226],[-5.457753,36.250017],[-5.459221,36.254849],[-5.46735,36.252593],[-5.475534,36.253958],[-5.48201,36.263245],[-5.487298,36.263364],[-5.492276,36.261016],[-5.503831,36.263809],[-5.516842,36.263188],[-5.519007,36.271275],[-5.540422,36.273765],[-5.553628,36.277482],[-5.556737,36.281089],[-5.554017,36.287884],[-5.55471,36.29307],[-5.538184,36.305532],[-5.52822,36.310641],[-5.527672,36.313733],[-5.534191,36.31949],[-5.541279,36.319928],[-5.546467,36.33189],[-5.551125,36.335349],[-5.553614,36.339984],[-5.559009,36.342447],[-5.559716,36.347685],[-5.576776,36.351386],[-5.582067,36.362492]]]],"type":"MultiPolygon"},"id":"municipality:11013","properties":{"autonomous_community_code":"01","code":"11013","level":"municipality","name":"Castellar de la Frontera","province_code":"11"},"type":"Feature"},{"geometry":{"coordinates":[[[[-5.387319,36.177241],[-5.387409,36.177241],[-5.387409,36.17731],[-5.387319,36.17731],[-5.387319,36.177241]]],[[[-5.388192,36.1774],[-5.388192,36.177331],[-5.388282,36.177331],[-5.388282,36.1774],[-5.388192,36.1774]]],[[[-5.388033,36.177333],[-5.388121,36.177333],[-5.388122,36.177402],[-5.388033,36.177402],[-5.388033,36.177333]]],[[[-5.386973,36.177356],[-5.387062,36.177356],[-5.387062,36.177425],[-5.386973,36.177425],[-5.386973,36.177356]]],[[[-5.38854,36.177514],[-5.388629,36.177513],[-5.38863,36.177582],[-5.38854,36.177582],[-5.38854,36.177514]]],[[[-5.38942,36.177722],[-5.389511,36.177722],[-5.38951,36.177791],[-5.38942,36.177791],[-5.38942,36.177722]]],[[[-5.385587,36.177171],[-5.385587,36.17724],[-5.385496,36.17724],[-5.385497,36.177171],[-5.385587,36.177171]]],[[[-5.386887,36.177256],[-5.386798,36.177256],[-5.386798,36.177187],[-5.386887,36.177187],[-5.386887,36.177256]]],[[[-5.386038,36.177242],[-5.386129,36.177242],[-5.386129,36.177312],[-5.386038,36.177311],[-5.386038,36.177242]]],[[[-5.295034,36.245271],[-5.295387,36.245437],[-5.29542,36.245525],[-5.295234,36.245645],[-5.294791,36.245784],[-5.29465,36.245828],[-5.294497,36.24593],[-5.294276,36.245988],[-5.294025,36.245768],[-5.293823,36.245708],[-5.293377,36.24569],[-5.293164,36.24564],[-5.293093,36.245497],[-5.293248,36.245449],[-5.293515,36.245462],[-5.293822,36.245285],[-5.293988,36.245273],[-5.294504,36.245398],[-5.294703,36.245367],[-5.294856,36.245274],[-5.295034,36.245271]]],[[[-5.439283,36.227588],[-5.438382,36.237706],[-5.436719,36.240815],[-5.425523,36.248437],[-5.411339,36.250064],[-5.403219,36.267002],[-5.385277,36.280796],[-5.369325,36.282523],[-5.366284,36.284502],[-5.359426,36.293344],[-5.360529,36.302726],[-5.35925,36.304786],[-5.360722,36.310375],[-5.353616,36.317178],[-5.355244,36.323412],[-5.351166,36.323333],[-5.344944,36.327395],[-5.341967,36.327179],[-5.340064,36.329457],[-5.334374,36.327632],[-5.332258,36.33128],[-5.330097,36.330062],[-5.331267,36.327907],[-5.330241,36.326227],[-5.326438,36.324781],[-5.322442,36.325926],[-5.321241,36.32441],[-5.291311,36.336793],[-5.28246,36.337729],[-5.276189,36.336226],[-5.275499,36.332806],[-5.270753,36.328984],[-5.267852,36.324181],[-5.259501,36.322356],[-5.253899,36.315053],[-5.252352,36.311224],[-5.257129,36.310151],[-5.264207,36.303598],[-5.265449,36.300617],[-5.269047,36.299106],[-5.271237,36.293035],[-5.269433,36.292179],[-5.269708,36.285861],[-5.269762,36.290226],[-5.271295,36.289397],[-5.271715,36.290841],[-5.271727,36.289383],[-5.27217,36.290836],[-5.27218,36.289381],[-5.272792,36.290826],[-5.272871,36.289374],[-5.273362,36.291838],[-5.275063,36.289321],[-5.2739,36.292001],[-5.278407,36.287156],[-5.280242,36.287202],[-5.281271,36.289189],[-5.28312,36.288407],[-5.280342,36.285982],[-5.275672,36.288737],[-5.270641,36.288135],[-5.27458,36.286186],[-5.276014,36.283477],[-5.274922,36.28288],[-5.277355,36.283573],[-5.279932,36.280287],[-5.296222,36.246006],[-5.299871,36.243179],[-5.305381,36.24386],[-5.310498,36.238191],[-5.312229,36.241242],[-5.315982,36.241486],[-5.324055,36.245386],[-5.338571,36.246076],[-5.345883,36.235455],[-5.346059,36.226537],[-5.360959,36.214609],[-5.35904,36.204897],[-5.359182,36.179373],[-5.362976,36.177385],[-5.366681,36.177585],[-5.365349,36.17356],[-5.371617,36.168843],[-5.371089,36.166455],[-5.37422,36.163879],[-5.382184,36.169607],[-5.3771,36.170564],[-5.377312,36.172192],[-5.383188,36.17194],[-5.381481,36.172242],[-5.38181,36.17437],[-5.383483,36.174425],[-5.379928,36.175274],[-5.384073,36.179627],[-5.398505,36.180451],[-5.397051,36.178944],[-5.398037,36.17717],[-5.393825,36.17745],[-5.404096,36.175873],[-5.398188,36.177155],[-5.398651,36.180395],[-5.403058,36.179221],[-5.40939,36.181182],[-5.413924,36.178825],[-5.418035,36.186968],[-5.424758,36.194398],[-5.425475,36.197672],[-5.423616,36.200828],[-5.430932,36.206439],[-5.435334,36.213288],[-5.435731,36.219977],[-5.439283,36.227588]]]],"type":"MultiPolygon"},"id":"municipality:11033","properties":{"autonomous_community_code":"01","code":"11033","level":"municipality","name":"San Roque","province_code":"11"},"type":"Feature"},{"geometry":{"coordinates":[[[[-2.473387,39.933433],[-2.467603,39.938308],[-2.463334,39.946875],[-2.465436,39.950543],[-2.46176,39.953517],[-2.459545,39.958183],[-2.460055,39.967844],[-2.457575,39.974959],[-2.450606,39.980881],[-2.433773,39.98553],[-2.431846,39.983422],[-2.41496,39.976184],[-2.401467,39.963024],[-2.389889,39.94561],[-2.378207,39.962352],[-2.374584,39.961611],[-2.365681,39.950742],[-2.365826,39.947689],[-2.361687,39.94335],[-2.35338,39.939286],[-2.346014,39.932298],[-2.338529,39.9293],[-2.336539,39.923315],[-2.325188,39.912555],[-2.321258,39.906495],[-2.321036,39.902944],[-2.316977,39.898163],[-2.33005,39.885472],[-2.333003,39.884832],[-2.335053,39.878519],[-2.334567,39.867019],[-2.337261,39.865368],[-2.351828,39.874154],[-2.365709,39.876672],[-2.370143,39.879057],[-2.379928,39.879335],[-2.389797,39.884784],[-2.413257,39.887653],[-2.418486,39.894518],[-2.428237,39.897837],[-2.43637,39.903238],[-2.439669,39.910372],[-2.451833,39.918188],[-2.458661,39.92486],[-2.471516,39.930127],[-2.473387,39.933433]]]],"type":"MultiPolygon"},"id":"municipality:16019","properties":{"autonomous_community_code":"08","code":"16019","level":"municipality","name":"Altarejos","province_code":"16"},"type":"Feature"},{"geometry":{"coordinates":[[[[-3.012036,37.236264],[-3.010097,37.238671],[-3.010638,37.24051],[-3.006388,37.241141],[-2.997007,37.235949],[-2.979681,37.231341],[-2.972311,37.22246],[-2.962333,37.228253],[-2.951985,37.244339],[-2.929433,37.258029],[-2.926983,37.261318],[-2.921703,37.262775],[-2.919641,37.261511],[-2.916808,37.262861],[-2.914317,37.262039],[-2.904525,37.264484],[-2.904486,37.259246],[-2.903089,37.258109],[-2.904073,37.256244],[-2.898618,37.253851],[-2.888315,37.259097],[-2.882396,37.257604],[-2.876484,37.259734],[-2.877494,37.25576],[-2.875861,37.25455],[-2.875697,37.251278],[-2.872949,37.249283],[-2.872964,37.247074],[-2.86646,37.243062],[-2.874982,37.231557],[-2.875264,37.223714],[-2.872811,37.219932],[-2.880294,37.203875],[-2.87929,37.192494],[-2.880829,37.187173],[-2.883442,37.187363],[-2.888693,37.18214],[-2.889192,37.177077],[-2.895209,37.167151],[-2.911016,37.163357],[-2.914948,37.158182],[-2.929283,37.156403],[-2.92845,37.151855],[-2.932489,37.137178],[-2.940488,37.131309],[-2.940758,37.125938],[-2.943767,37.122546],[-2.947104,37.122234],[-2.944139,37.119013],[-2.942898,37.111239],[-2.948353,37.105468],[-2.950907,37.096522],[-2.969738,37.096568],[-2.981138,37.092965],[-2.996486,37.095716],[-2.994775,37.103495],[-2.996024,37.108742],[-2.990261,37.113969],[-2.988132,37.118016],[-2.989437,37.127391],[-2.993793,37.130691],[-2.990832,37.132115],[-2.993657,37.140688],[-2.991259,37.142328],[-2.981608,37.143309],[-2.976956,37.151151],[-2.975421,37.158758],[-2.971096,37.16129],[-2.967601,37.168446],[-2.969964,37.175271],[-2.96941,37.179949],[-2.971774,37.184691],[-2.96971,37.189783],[-2.969357,37.196968],[-2.97881,37.202802],[-2.974965,37.208967],[-2.976315,37.214493],[-2.975233,37.217197],[-2.981069,37.224986],[-2.985803,37.228457],[-2.991135,37.22908],[-2.995993,37.22652],[-3.012036,37.236264]]]],"type":"MultiPolygon"},"id":"municipality:18097","properties":{"autonomous_community_code":"01","code":"18097","level":"municipality","name":"Huéneja","province_code":"18"},"type":"Feature"},{"geometry":{"coordinates":[[[[-2.026033,41.064337],[-2.025934,41.07102],[-2.022208,41.074285],[-1.975545,41.095627],[-1.964657,41.092125],[-1.939524,41.097949],[-1.934019,41.097439],[-1.924512,41.094072],[-1.917131,41.088904],[-1.899735,41.071174],[-1.874987,41.056612],[-1.870583,41.04204],[-1.860544,41.040499],[-1.863519,41.02871],[-1.856685,41.026346],[-1.84944,41.020247],[-1.847365,41.02128],[-1.823572,41.015554],[-1.831726,40.997621],[-1.853398,41.004658],[-1.894451,40.987917],[-1.922083,40.970866],[-1.958097,40.96163],[-1.961548,40.959833],[-1.961661,40.949574],[-1.96746,40.951058],[-1.982783,40.948186],[-1.989197,40.949089],[-1.997789,40.95129],[-1.996621,40.95627],[-2.001829,40.96154],[-2.012082,40.963277],[-2.006196,40.979378],[-2.006184,40.981738],[-2.009998,40.985004],[-2.00576,40.99494],[-2.000022,40.997764],[-1.997165,41.001937],[-1.998308,41.00809],[-1.994443,41.009669],[-1.98609,41.022414],[-1.972323,41.027345],[-1.978265,41.049954],[-1.981873,41.053634],[-1.988046,41.055427],[-2.002039,41.05473],[-2.015904,41.057839],[-2.021571,41.056219],[-2.023444,41.063099],[-2.026033,41.064337]]]],"type":"MultiPolygon"},"id":"municipality:19265","properties":{"autonomous_community_code":"08","code":"19265","level":"municipality","name":"Tartanedo","province_code":"19"},"type":"Feature"},{"geometry":{"coordinates":[[[[-6.92175,37.52007],[-6.911293,37.519507],[-6.906417,37.523596],[-6.899631,37.52446],[-6.898538,37.529316],[-6.89467,37.530191],[-6.893211,37.536059],[-6.880073,37.540986],[-6.879167,37.547079],[-6.868484,37.549853],[-6.872092,37.5564],[-6.870065,37.558539],[-6.866616,37.554661],[-6.861016,37.555772],[-6.861446,37.554011],[-6.85902,37.55436],[-6.856928,37.549564],[-6.854694,37.549457],[-6.854257,37.548219],[-6.85555,37.548726],[-6.856858,37.546657],[-6.854683,37.543764],[-6.85709,37.542821],[-6.85634,37.540566],[-6.857546,37.540257],[-6.856083,37.538431],[-6.852846,37.537095],[-6.851506,37.538076],[-6.851636,37.536441],[-6.848453,37.535905],[-6.84644,37.531521],[-6.840012,37.531018],[-6.83833,37.528875],[-6.837197,37.530389],[-6.835943,37.529322],[-6.834002,37.530502],[-6.827534,37.528109],[-6.825112,37.521224],[-6.820918,37.515955],[-6.809884,37.51514],[-6.80756,37.513476],[-6.800626,37.514331],[-6.777493,37.508596],[-6.760284,37.500092],[-6.755621,37.494592],[-6.75488,37.495411],[-6.754201,37.493322],[-6.757176,37.49493],[-6.761713,37.49275],[-6.761597,37.491564],[-6.765023,37.491788],[-6.76345,37.47847],[-6.761982,37.476715],[-6.764005,37.469723],[-6.762983,37.468044],[-6.765553,37.464538],[-6.766825,37.457237],[-6.768789,37.456508],[-6.768981,37.45179],[-6.766938,37.450243],[-6.765,37.451944],[-6.764588,37.449354],[-6.759495,37.444913],[-6.759923,37.442395],[-6.746492,37.438605],[-6.742687,37.433429],[-6.741352,37.434309],[-6.73628,37.430911],[-6.73675,37.425815],[-6.733769,37.424252],[-6.733986,37.42202],[-6.730597,37.417704],[-6.737164,37.409623],[-6.737986,37.40411],[-6.739464,37.403631],[-6.735344,37.400257],[-6.736067,37.390037],[-6.73917,37.376146],[-6.743657,37.36922],[-6.742154,37.366691],[-6.743954,37.358851],[-6.747647,37.357076],[-6.761034,37.368425],[-6.784936,37.373734],[-6.78651,37.393574],[-6.790993,37.392458],[-6.798154,37.401903],[-6.801608,37.399657],[-6.806847,37.408785],[-6.816075,37.406154],[-6.821209,37.41296],[-6.823872,37.412018],[-6.83242,37.422182],[-6.837878,37.43595],[-6.847697,37.453837],[-6.858374,37.466559],[-6.871014,37.488982],[-6.886887,37.50055],[-6.891541,37.505693],[-6.902502,37.507061],[-6.92175,37.52007]]]],"type":"MultiPolygon"},"id":"municipality:21011","properties":{"autonomous_community_code":"01","code":"21011","level":"municipality","name":"Beas","province_code":"21"},"type":"Feature"},{"geometry":{"coordinates":[[[[-7.102091,37.371785],[-7.097756,37.384609],[-7.08088,37.393571],[-7.071945,37.414111],[-7.061165,37.421509],[-7.045026,37.429476],[-7.05481,37.458173],[-7.059096,37.458657],[-7.064811,37.462982],[-7.07051,37.461389],[-7.075633,37.463545],[-7.08066,37.463516],[-7.083876,37.465927],[-7.082239,37.468866],[-7.077302,37.470343],[-7.079151,37.472963],[-7.083794,37.473757],[-7.083902,37.476159],[-7.075864,37.482769],[-7.069568,37.481302],[-7.062361,37.48201],[-7.063374,37.488605],[-7.061113,37.496943],[-7.065624,37.507786],[-7.062476,37.511858],[-7.062734,37.520163],[-7.071553,37.524705],[-7.072171,37.521495],[-7.077991,37.521627],[-7.08088,37.518627],[-7.085605,37.518787],[-7.089011,37.52484],[-7.091611,37.52356],[-7.094178,37.525831],[-7.092034,37.529446],[-7.088807,37.529792],[-7.089028,37.532171],[-7.086412,37.535847],[-7.074281,37.532213],[-7.053792,37.530235],[-7.026982,37.516705],[-7.014842,37.504165],[-7.013165,37.500079],[-7.006969,37.495839],[-7.005375,37.489921],[-7.000456,37.486728],[-6.994531,37.4782],[-6.988775,37.474332],[-6.978467,37.471122],[-6.974904,37.473836],[-6.972643,37.470624],[-6.961921,37.469633],[-6.949237,37.464401],[-6.947852,37.465574],[-6.932754,37.464501],[-6.91558,37.458721],[-6.899897,37.447241],[-6.873787,37.436525],[-6.868797,37.431986],[-6.863146,37.422911],[-6.855869,37.418464],[-6.857065,37.411615],[-6.855155,37.403564],[-6.85887,37.39662],[-6.862987,37.394341],[-6.865905,37.387841],[-6.864811,37.380174],[-6.870058,37.374426],[-6.875088,37.37346],[-6.876435,37.370245],[-6.884076,37.367624],[-6.887387,37.368344],[-6.889446,37.366042],[-6.895812,37.367148],[-6.898309,37.364804],[-6.900001,37.366523],[-6.903679,37.364978],[-6.907456,37.367286],[-6.912568,37.365982],[-6.91255,37.361946],[-6.914088,37.360256],[-6.916816,37.360427],[-6.91687,37.358209],[-6.927131,37.355445],[-6.927238,37.352298],[-6.93072,37.348543],[-6.930976,37.343066],[-6.93302,37.342448],[-6.934705,37.339276],[-6.943269,37.341242],[-6.946997,37.340244],[-6.979507,37.307895],[-7.016063,37.299966],[-7.028601,37.299971],[-7.053522,37.295579],[-7.057355,37.296412],[-7.063904,37.294502],[-7.074254,37.285724],[-7.077687,37.278741],[-7.071834,37.277015],[-7.069383,37.27274],[-7.064598,37.271995],[-7.058247,37.268339],[-7.047498,37.270518],[-7.038318,37.263662],[-7.031791,37.261741],[-7.027808,37.256994],[-7.023549,37.254698],[-7.019268,37.253438],[-7.000188,37.25831],[-7.005898,37.232549],[-7.031196,37.239133],[-7.034116,37.243902],[-7.037205,37.245406],[-7.037674,37.247853],[-7.053936,37.25322],[-7.067312,37.26401],[-7.068798,37.267959],[-7.078282,37.277865],[-7.080023,37.287335],[-7.073914,37.291744],[-7.073763,37.298973],[-7.07095,37.303475],[-7.073691,37.309551],[-7.075447,37.322218],[-7.085905,37.34889],[-7.102091,37.371785]]]],"type":"MultiPolygon"},"id":"municipality:21035","properties":{"autonomous_community_code":"01","code":"21035","level":"municipality","name":"Gibraleón","province_code":"21"},"type":"Feature"},{"geometry":{"coordinates":[[[[-6.894381,37.248484],[-6.880423,37.26031],[-6.872975,37.269385],[-6.850135,37.282795],[-6.849588,37.292242],[-6.856709,37.299158],[-6.85376,37.303466],[-6.846489,37.303055],[-6.842277,37.29651],[-6.837086,37.299594],[-6.827533,37.301951],[-6.823909,37.309681],[-6.819504,37.312294],[-6.805901,37.310209],[-6.802608,37.304628],[-6.797892,37.308808],[-6.788691,37.309337],[-6.786283,37.310912],[-6.779047,37.307174],[-6.779298,37.298025],[-6.775151,37.296284],[-6.775917,37.29244],[-6.774671,37.28939],[-6.768999,37.285319],[-6.772837,37.284962],[-6.773588,37.281722],[-6.769491,37.282078],[-6.759372,37.266788],[-6.758253,37.257878],[-6.759463,37.249353],[-6.753959,37.237681],[-6.753736,37.213202],[-6.751503,37.200201],[-6.753335,37.179207],[-6.752836,37.159799],[-6.740826,37.136747],[-6.729533,37.090329],[-6.799801,37.124392],[-6.833359,37.136616],[-6.853553,37.147195],[-6.862448,37.149715],[-6.865338,37.154747],[-6.867691,37.191173],[-6.873067,37.208212],[-6.873485,37.217261],[-6.871482,37.224569],[-6.881201,37.239232],[-6.894381,37.248484]]]],"type":"MultiPolygon"},"id":"municipality:21050","properties":{"autonomous_community_code":"01","code":"21050","level":"municipality","name":"Moguer","province_code":"21"},"type":"Feature"},{"geometry":{"coordinates":[[[[-6.941917,37.207001],[-6.935339,37.211742],[-6.905044,37.242348],[-6.900588,37.24617],[-6.894381,37.248484],[-6.881201,37.239232],[-6.871482,37.224569],[-6.873485,37.217261],[-6.873067,37.208212],[-6.867691,37.191173],[-6.865338,37.154747],[-6.862448,37.149715],[-6.853553,37.147195],[-6.833359,37.136616],[-6.799801,37.124392],[-6.729533,37.090329],[-6.73208,37.088461],[-6.771498,37.109944],[-6.793666,37.119502],[-6.809807,37.125056],[-6.830332,37.12791],[-6.836435,37.131495],[-6.83025,37.129332],[-6.828111,37.132374],[-6.831039,37.133742],[-6.832764,37.131372],[-6.834876,37.132392],[-6.833856,37.134096],[-6.839287,37.136692],[-6.87102,37.148165],[-6.876377,37.148638],[-6.913402,37.173637],[-6.916028,37.170825],[-6.930114,37.182909],[-6.936378,37.191655],[-6.941917,37.207001]]]],"type":"MultiPolygon"},"id":"municipality:21055","properties":{"autonomous_community_code":"01","code":"21055","level":"municipality","name":"Palos de la Frontera","province_code":"21"},"type":"Feature"},{"geometry":{"coordinates":[[[[-6.793255,37.310162],[-6.788928,37.328611],[-6.783928,37.334264],[-6.767901,37.336354],[-6.760214,37.332392],[-6.753603,37.330987],[-6.751907,37.329104],[-6.751589,37.32588],[-6.755227,37.321467],[-6.755983,37.322831],[-6.758568,37.321731],[-6.768116,37.315508],[-6.775368,37.313015],[-6.780882,37.314118],[-6.7799,37.312312],[-6.781812,37.309503],[-6.785871,37.310922],[-6.788894,37.309306],[-6.793255,37.310162]]],[[[-6.905764,37.365999],[-6.903679,37.364978],[-6.900001,37.366523],[-6.89877,37.364771],[-6.895812,37.367148],[-6.889446,37.366042],[-6.887387,37.368344],[-6.884076,37.367624],[-6.876884,37.369978],[-6.875088,37.37346],[-6.870058,37.374426],[-6.864811,37.380174],[-6.866034,37.387503],[-6.862987,37.394341],[-6.85887,37.39662],[-6.855155,37.403564],[-6.855371,37.394325],[-6.846553,37.386363],[-6.843561,37.367016],[-6.815983,37.312724],[-6.816176,37.311492],[-6.819504,37.312294],[-6.823909,37.309681],[-6.827533,37.301951],[-6.837086,37.299594],[-6.841574,37.296634],[-6.843465,37.297047],[-6.847716,37.303744],[-6.854566,37.302853],[-6.856542,37.298374],[-6.849588,37.292242],[-6.850135,37.282795],[-6.86269,37.274379],[-6.871656,37.27036],[-6.878863,37.262279],[-6.879804,37.263817],[-6.878339,37.266009],[-6.870414,37.2728],[-6.862479,37.275239],[-6.850878,37.283401],[-6.852384,37.292811],[-6.85803,37.299149],[-6.852623,37.304784],[-6.856159,37.31129],[-6.863668,37.316973],[-6.866737,37.323601],[-6.887445,37.345641],[-6.892299,37.354634],[-6.902356,37.360779],[-6.905764,37.365999]]]],"type":"MultiPolygon"},"id":"municipality:21064","properties":{"autonomous_community_code":"01","code":"21064","level":"municipality","name":"San Juan del Puerto","province_code":"21"},"type":"Feature"},{"geometry":{"coordinates":[[[[-6.973097,37.470888],[-6.970778,37.473615],[-6.970829,37.478414],[-6.96224,37.480153],[-6.95861,37.486121],[-6.945917,37.482502],[-6.93952,37.486382],[-6.934832,37.502798],[-6.931459,37.505757],[-6.93104,37.511131],[-6.924717,37.514972],[-6.922518,37.519828],[-6.914001,37.515931],[-6.909097,37.510581],[-6.902502,37.507061],[-6.892043,37.505983],[-6.871014,37.488982],[-6.858374,37.466559],[-6.847697,37.453837],[-6.837878,37.43595],[-6.83242,37.422182],[-6.823872,37.412018],[-6.821209,37.41296],[-6.816075,37.406154],[-6.806847,37.408785],[-6.801608,37.399657],[-6.798154,37.401903],[-6.790993,37.392458],[-6.78651,37.393574],[-6.784936,37.373734],[-6.760792,37.368334],[-6.745636,37.356591],[-6.744514,37.353987],[-6.746143,37.347277],[-6.754203,37.343715],[-6.753495,37.340143],[-6.757556,37.33155],[-6.767901,37.336354],[-6.783928,37.334264],[-6.788928,37.328611],[-6.79321,37.309894],[-6.798264,37.308636],[-6.801041,37.304771],[-6.803854,37.305361],[-6.805992,37.31025],[-6.816176,37.311492],[-6.819742,37.321016],[-6.825047,37.329022],[-6.843561,37.367016],[-6.846553,37.386363],[-6.855371,37.394325],[-6.854992,37.406638],[-6.857065,37.411615],[-6.855869,37.418464],[-6.863146,37.422911],[-6.868797,37.431986],[-6.881404,37.440518],[-6.890093,37.442286],[-6.899897,37.447241],[-6.91558,37.458721],[-6.932754,37.464501],[-6.947852,37.465574],[-6.949237,37.464401],[-6.961921,37.469633],[-6.973097,37.470888]]]],"type":"MultiPolygon"},"id":"municipality:21070","properties":{"autonomous_community_code":"01","code":"21070","level":"municipality","name":"Trigueros","province_code":"21"},"type":"Feature"},{"geometry":{"coordinates":[[[[-3.512216,40.538637],[-3.502424,40.543352],[-3.502419,40.552493],[-3.498125,40.554551],[-3.488761,40.555492],[-3.4877,40.559809],[-3.480977,40.56217],[-3.483188,40.555488],[-3.481327,40.555882],[-3.481169,40.548482],[-3.478842,40.545141],[-3.475528,40.544998],[-3.47577,40.542291],[-3.47193,40.540541],[-3.472443,40.538756],[-3.46863,40.539395],[-3.470853,40.53314],[-3.461169,40.526691],[-3.463121,40.523328],[-3.46161,40.521659],[-3.463145,40.520333],[-3.461379,40.515593],[-3.463945,40.515008],[-3.461657,40.51315],[-3.461984,40.510996],[-3.456197,40.509864],[-3.453281,40.51227],[-3.449333,40.511365],[-3.438834,40.5135],[-3.435093,40.508906],[-3.452815,40.502643],[-3.467669,40.493182],[-3.479609,40.494623],[-3.48518,40.500354],[-3.496213,40.517617],[-3.50809,40.529836],[-3.512216,40.538637]]]],"type":"MultiPolygon"},"id":"municipality:28002","properties":{"autonomous_community_code":"13","code":"28002","level":"municipality","name":"Ajalvir","province_code":"28"},"type":"Feature"},{"geometry":{"coordinates":[[[[-4.026859,40.243148],[-4.024028,40.248969],[-4.014802,40.250837],[-4.003507,40.256424],[-3.975498,40.252051],[-3.972149,40.25006],[-3.968192,40.235826],[-3.961987,40.229709],[-3.95626,40.226673],[-3.945576,40.224691],[-3.946227,40.220052],[-3.949032,40.22104],[-3.952866,40.212797],[-3.956185,40.211465],[-3.976926,40.211929],[-3.991001,40.209479],[-4.001435,40.217708],[-4.008803,40.219817],[-4.022103,40.233588],[-4.026159,40.235611],[-4.026859,40.243148]]]],"type":"MultiPolygon"},"id":"municipality:28004","properties":{"autonomous_community_code":"13","code":"28004","level":"municipality","name":"El Álamo","province_code":"28"},"type":"Feature"},{"geometry":{"coordinates":[[[[-3.701591,40.578315],[-3.691843,40.580469],[-3.674143,40.588862],[-3.654168,40.55514],[-3.640845,40.554158],[-3.636749,40.547945],[-3.628459,40.543708],[-3.628055,40.541288],[-3.625838,40.54017],[-3.615185,40.539809],[-3.603289,40.536998],[-3.5918,40.537557],[-3.578598,40.533684],[-3.562687,40.53441],[-3.553245,40.532491],[-3.556167,40.531387],[-3.557186,40.528367],[-3.550306,40.523277],[-3.551345,40.520085],[-3.555819,40.516613],[-3.55237,40.511192],[-3.561668,40.510687],[-3.572048,40.512405],[-3.582904,40.508457],[-3.594818,40.501173],[-3.602837,40.501334],[-3.606625,40.505887],[-3.615074,40.510959],[-3.633276,40.507651],[-3.644841,40.507882],[-3.65617,40.513097],[-3.658599,40.511669],[-3.66287,40.520033],[-3.666239,40.521125],[-3.665944,40.524476],[-3.672029,40.524366],[-3.677207,40.526992],[-3.669324,40.53438],[-3.677449,40.542336],[-3.678796,40.546887],[-3.6819,40.54999],[-3.689397,40.570358],[-3.690725,40.569173],[-3.698195,40.576894],[-3.701591,40.578315]]]],"type":"MultiPolygon"},"id":"municipality:28006","properties":{"autonomous_community_code":"13","code":"28006","level":"municipality","name":"Alcobendas","province_code":"28"},"type":"Feature"},{"geometry":{"coordinates":[[[[-3.87569,39.927732],[-3.869157,39.931485],[-3.859323,39.932858],[-3.856471,39.937246],[-3.852824,39.939434],[-3.840044,39.941956],[-3.838269,39.94074],[-3.837114,39.932995],[-3.835322,39.931382],[-3.832042,39.93156],[-3.830127,39.933443],[-3.829323,39.940536],[-3.824384,39.947291],[-3.817666,39.946739],[-3.813343,39.951999],[-3.809548,39.953965],[-3.802416,39.953014],[-3.801225,39.947307],[-3.799391,39.945714],[-3.793736,39.947501],[-3.785967,39.944549],[-3.782936,39.944939],[-3.782246,39.948784],[-3.786708,39.954298],[-3.781906,39.957086],[-3.775827,39.957887],[-3.771531,39.961452],[-3.766578,39.961863],[-3.763602,39.967518],[-3.757973,39.958336],[-3.769142,39.954929],[-3.770682,39.950608],[-3.765833,39.947196],[-3.754494,39.9504],[-3.75145,39.953035],[-3.751137,39.956591],[-3.758876,39.968868],[-3.754018,39.967819],[-3.747495,39.962796],[-3.742301,39.961505],[-3.735966,39.961701],[-3.727936,39.964545],[-3.723709,39.970617],[-3.728906,39.972266],[-3.731286,39.969358],[-3.738041,39.968713],[-3.741281,39.970827],[-3.746615,39.980748],[-3.74148,39.982424],[-3.73876,39.981298],[-3.735831,39.976058],[-3.731558,39.976383],[-3.735194,39.980629],[-3.73572,39.984302],[-3.729891,39.986208],[-3.727278,39.989187],[-3.720455,39.984167],[-3.719553,39.984912],[-3.718522,39.987005],[-3.723697,39.992913],[-3.723955,39.997599],[-3.721745,40.001106],[-3.714827,40.004211],[-3.711715,40.010503],[-3.704962,40.016136],[-3.69928,40.019858],[-3.689855,40.021788],[-3.686834,40.021708],[-3.687141,40.018533],[-3.683437,40.01561],[-3.679487,40.016119],[-3.675621,40.022136],[-3.667738,40.027824],[-3.668174,40.032693],[-3.666455,40.035036],[-3.658628,40.037029],[-3.654762,40.03231],[-3.650013,40.031963],[-3.649226,40.0388],[-3.647259,40.041628],[-3.639133,40.040214],[-3.635587,40.042364],[-3.639793,40.046869],[-3.639221,40.050451],[-3.630743,40.053814],[-3.625513,40.053358],[-3.621906,40.054871],[-3.619528,40.057692],[-3.624235,40.060596],[-3.616566,40.068807],[-3.627521,40.07484],[-3.628954,40.078266],[-3.623344,40.081191],[-3.619229,40.079846],[-3.610364,40.08187],[-3.603732,40.093667],[-3.607963,40.095298],[-3.612921,40.092252],[-3.615567,40.093726],[-3.616223,40.096289],[-3.613031,40.103171],[-3.608431,40.108466],[-3.600406,40.109083],[-3.597965,40.111078],[-3.597073,40.114089],[-3.600541,40.11849],[-3.600519,40.121001],[-3.594048,40.122761],[-3.590347,40.127606],[-3.581121,40.128568],[-3.580794,40.13037],[-3.579466,40.129441],[-3.578428,40.130599],[-3.578825,40.125773],[-3.575008,40.121652],[-3.561612,40.125864],[-3.557585,40.12524],[-3.559953,40.121111],[-3.575667,40.113298],[-3.580933,40.098986],[-3.585336,40.0926],[-3.584322,40.088178],[-3.590986,40.072854],[-3.591282,40.068504],[-3.594049,40.06703],[-3.589448,40.058174],[-3.583318,40.058765],[-3.562335,40.066197],[-3.53552,40.068196],[-3.533832,40.052046],[-3.545982,40.050594],[-3.544166,40.04927],[-3.539329,40.050417],[-3.535999,40.049064],[-3.532937,40.051754],[-3.529003,40.051718],[-3.526401,40.047591],[-3.523921,40.05071],[-3.519112,40.052366],[-3.518053,40.046882],[-3.515043,40.048716],[-3.513703,40.047883],[-3.51405,40.044847],[-3.517527,40.044312],[-3.515305,40.043329],[-3.522066,40.026089],[-3.519711,40.021095],[-3.530605,40.018118],[-3.551186,40.018141],[-3.574704,40.015682],[-3.575202,40.013734],[-3.590015,40.013221],[-3.595343,40.001141],[-3.610373,39.998277],[-3.622486,39.991061],[-3.629245,39.992674],[-3.637992,39.988376],[-3.633581,39.97347],[-3.630507,39.96863],[-3.63392,39.968985],[-3.634499,39.965892],[-3.661597,39.96582],[-3.677643,39.96077],[-3.683393,39.955461],[-3.697589,39.946718],[-3.711106,39.954709],[-3.730576,39.944424],[-3.74387,39.940802],[-3.748459,39.929416],[-3.756583,39.921112],[-3.778797,39.910854],[-3.789779,39.899116],[-3.806421,39.887389],[-3.804398,39.884719],[-3.814894,39.885742],[-3.834548,39.899934],[-3.84488,39.902642],[-3.859795,39.902546],[-3.868326,39.904859],[-3.869702,39.907636],[-3.875427,39.910685],[-3.867448,39.917037],[-3.87569,39.927732]]]],"type":"MultiPolygon"},"id":"municipality:28013","properties":{"autonomous_community_code":"13","code":"28013","level":"municipality","name":"Aranjuez","province_code":"28"},"type":"Feature"},{"geometry":{"coordinates":[[[[-3.519797,40.294281],[-3.517765,40.297503],[-3.508993,40.301283],[-3.515133,40.304817],[-3.505232,40.309214],[-3.514452,40.313185],[-3.513811,40.317162],[-3.511043,40.31855],[-3.494496,40.315837],[-3.485457,40.324251],[-3.47859,40.319494],[-3.470678,40.319492],[-3.471601,40.338112],[-3.452176,40.343132],[-3.442875,40.34946],[-3.435547,40.352045],[-3.426647,40.351335],[-3.4272,40.346589],[-3.431579,40.338746],[-3.432044,40.321891],[-3.429659,40.317093],[-3.415436,40.313396],[-3.407925,40.309078],[-3.408289,40.306301],[-3.401908,40.305098],[-3.400496,40.302978],[-3.397138,40.304149],[-3.391767,40.300418],[-3.383837,40.300016],[-3.382439,40.297744],[-3.379644,40.297809],[-3.37665,40.291841],[-3.384333,40.280899],[-3.369746,40.265333],[-3.377605,40.261628],[-3.388476,40.25013],[-3.395766,40.248378],[-3.407576,40.257158],[-3.416757,40.25428],[-3.441537,40.258218],[-3.459141,40.258297],[-3.470128,40.255341],[-3.481115,40.256151],[-3.484747,40.258248],[-3.486765,40.26338],[-3.492993,40.271086],[-3.498302,40.272212],[-3.501969,40.276564],[-3.503864,40.27675],[-3.519797,40.294281]]]],"type":"MultiPolygon"},"id":"municipality:28014","properties":{"autonomous_community_code":"13","code":"28014","level":"municipality","name":"Arganda del Rey","province_code":"28"},"type":"Feature"},{"geometry":{"coordinates":[[[[-3.432044,40.321891],[-3.431579,40.338746],[-3.426226,40.34971],[-3.415675,40.352225],[-3.409261,40.352121],[-3.398524,40.358745],[-3.390249,40.358993],[-3.376499,40.363282],[-3.372243,40.360277],[-3.356032,40.362251],[-3.350154,40.359153],[-3.317347,40.335568],[-3.31286,40.328616],[-3.333721,40.315632],[-3.339108,40.300285],[-3.340933,40.289905],[-3.348381,40.273796],[-3.369746,40.265333],[-3.384333,40.280899],[-3.37665,40.291841],[-3.379644,40.297809],[-3.382439,40.297744],[-3.383837,40.300016],[-3.391767,40.300418],[-3.397138,40.304149],[-3.400496,40.302978],[-3.401908,40.305098],[-3.408289,40.306301],[-3.407925,40.309078],[-3.415436,40.313396],[-3.429659,40.317093],[-3.432044,40.321891]]]],"type":"MultiPolygon"},"id":"municipality:28033","properties":{"autonomous_community_code":"13","code":"28033","level":"municipality","name":"Campo Real","province_code":"28"},"type":"Feature"},{"geometry":{"coordinates":[[[[-3.550399,40.564655],[-3.546057,40.565548],[-3.543742,40.568126],[-3.544718,40.570345],[-3.543449,40.571996],[-3.539325,40.571877],[-3.538303,40.57675],[-3.539691,40.578685],[-3.537545,40.57927],[-3.53938,40.5799],[-3.53979,40.583712],[-3.533467,40.584696],[-3.529266,40.583851],[-3.528895,40.581797],[-3.521099,40.580849],[-3.508056,40.582265],[-3.495557,40.585887],[-3.489611,40.58496],[-3.482454,40.586401],[-3.482875,40.587624],[-3.474765,40.59268],[-3.466084,40.595465],[-3.46771,40.58883],[-3.470794,40.585449],[-3.469714,40.583072],[-3.473185,40.580353],[-3.47289,40.576057],[-3.475162,40.569529],[-3.480977,40.56217],[-3.4877,40.559809],[-3.488761,40.555492],[-3.498125,40.554551],[-3.502419,40.552493],[-3.502424,40.543352],[-3.509325,40.539069],[-3.512216,40.538637],[-3.529237,40.554385],[-3.550399,40.564655]]]],"type":"MultiPolygon"},"id":"municipality:28041","properties":{"autonomous_community_code":"13","code":"28041","level":"municipality","name":"Cobeña","province_code":"28"},"type":"Feature"},{"geometry":{"coordinates":[[[[-3.594049,40.06703],[-3.591282,40.068504],[-3.590986,40.072854],[-3.587484,40.078823],[-3.584322,40.088178],[-3.585336,40.0926],[-3.580933,40.098986],[-3.577562,40.100809],[-3.561295,40.099416],[-3.549387,40.101947],[-3.502874,40.084864],[-3.497678,40.08647],[-3.487963,40.085998],[-3.479987,40.088691],[-3.46314,40.099598],[-3.457927,40.113682],[-3.455699,40.115089],[-3.45481,40.118165],[-3.44593,40.11685],[-3.44434,40.118152],[-3.440076,40.116186],[-3.43754,40.119345],[-3.431594,40.117961],[-3.417194,40.121161],[-3.414042,40.120545],[-3.402706,40.132149],[-3.386547,40.135832],[-3.377702,40.133647],[-3.370611,40.124871],[-3.360841,40.119007],[-3.352133,40.117489],[-3.343785,40.110048],[-3.344912,40.102355],[-3.348702,40.097667],[-3.349856,40.091456],[-3.345026,40.080107],[-3.361893,40.075266],[-3.377707,40.074768],[-3.379129,40.066166],[-3.374734,40.059615],[-3.375782,40.051256],[-3.376923,40.049988],[-3.38521,40.051862],[-3.386539,40.049813],[-3.39153,40.04841],[-3.394242,40.045388],[-3.394079,40.042351],[-3.391563,40.041003],[-3.393005,40.036534],[-3.401072,40.034181],[-3.409643,40.037506],[-3.408328,40.040053],[-3.409939,40.041795],[-3.414478,40.04215],[-3.41762,40.045051],[-3.422056,40.045124],[-3.424811,40.046922],[-3.430351,40.038357],[-3.440152,40.039037],[-3.446188,40.037289],[-3.448533,40.041794],[-3.446768,40.047836],[-3.448329,40.049764],[-3.456488,40.050021],[-3.455069,40.046701],[-3.470068,40.040702],[-3.473223,40.042142],[-3.472554,40.045998],[-3.478844,40.044783],[-3.483301,40.046015],[-3.487747,40.04117],[-3.490593,40.04758],[-3.495651,40.047576],[-3.499582,40.045014],[-3.503797,40.046198],[-3.506114,40.048786],[-3.50746,40.048135],[-3.507236,40.044403],[-3.511305,40.045951],[-3.511938,40.042708],[-3.517129,40.043482],[-3.517199,40.044644],[-3.513996,40.04491],[-3.513646,40.047649],[-3.514911,40.048743],[-3.518053,40.046882],[-3.519038,40.052358],[-3.523921,40.05071],[-3.526269,40.047606],[-3.529003,40.051718],[-3.532937,40.051754],[-3.535691,40.0491],[-3.539329,40.050417],[-3.544166,40.04927],[-3.545982,40.050594],[-3.533832,40.052046],[-3.53552,40.068196],[-3.562335,40.066197],[-3.587574,40.057878],[-3.589448,40.058174],[-3.59227,40.062053],[-3.594049,40.06703]]]],"type":"MultiPolygon"},"id":"municipality:28043","properties":{"autonomous_community_code":"13","code":"28043","level":"municipality","name":"Colmenar de Oreja","province_code":"28"},"type":"Feature"},{"geometry":{"coordinates":[[[[-3.580933,40.098986],[-3.575667,40.113298],[-3.559953,40.121111],[-3.556095,40.132984],[-3.554694,40.132492],[-3.555921,40.136362],[-3.550913,40.142203],[-3.535579,40.149016],[-3.538106,40.14897],[-3.543518,40.153072],[-3.545992,40.157428],[-3.545324,40.16289],[-3.543867,40.163834],[-3.547366,40.168844],[-3.556396,40.171285],[-3.561956,40.171128],[-3.557141,40.174138],[-3.544415,40.177134],[-3.541082,40.181654],[-3.553298,40.183926],[-3.559465,40.189637],[-3.557189,40.192723],[-3.545497,40.196875],[-3.535307,40.194678],[-3.524766,40.1977],[-3.508779,40.212951],[-3.495948,40.217964],[-3.476035,40.213064],[-3.462181,40.213135],[-3.453695,40.210406],[-3.451004,40.207743],[-3.453095,40.20232],[-3.43836,40.200309],[-3.427387,40.201457],[-3.419318,40.193858],[-3.417356,40.189959],[-3.408114,40.186086],[-3.40515,40.182737],[-3.399927,40.167575],[-3.385061,40.136743],[-3.38502,40.135338],[-3.402706,40.132149],[-3.414042,40.120545],[-3.417194,40.121161],[-3.431594,40.117961],[-3.43754,40.119345],[-3.440076,40.116186],[-3.442942,40.11791],[-3.44593,40.11685],[-3.451032,40.118244],[-3.451895,40.121432],[-3.461902,40.123735],[-3.463589,40.12843],[-3.467546,40.131803],[-3.482974,40.136383],[-3.483574,40.137822],[-3.490791,40.139982],[-3.509014,40.139079],[-3.522365,40.136413],[-3.522687,40.133204],[-3.525945,40.13143],[-3.549387,40.101947],[-3.561295,40.099416],[-3.57571,40.101122],[-3.580933,40.098986]]]],"type":"MultiPolygon"},"id":"municipality:28052","properties":{"autonomous_community_code":"13","code":"28052","level":"municipality","name":"Chinchón","province_code":"28"},"type":"Feature"},{"geometry":{"coordinates":[[[[-3.465822,40.388492],[-3.461267,40.388676],[-3.455846,40.393898],[-3.449016,40.394961],[-3.449748,40.397378],[-3.440421,40.405209],[-3.441505,40.412528],[-3.434766,40.412772],[-3.431943,40.415509],[-3.432183,40.419261],[-3.43809,40.432338],[-3.427145,40.425251],[-3.42047,40.423911],[-3.411918,40.425794],[-3.407056,40.421317],[-3.400021,40.407601],[-3.380719,40.387103],[-3.371434,40.374902],[-3.35255,40.366513],[-3.356032,40.362251],[-3.372243,40.360277],[-3.376499,40.363282],[-3.390249,40.358993],[-3.398524,40.358745],[-3.409261,40.352121],[-3.415675,40.352225],[-3.426226,40.34971],[-3.426647,40.351335],[-3.435547,40.352045],[-3.453475,40.343264],[-3.451491,40.357792],[-3.454755,40.361752],[-3.459648,40.380225],[-3.464214,40.383362],[-3.462301,40.385034],[-3.465822,40.388492]]]],"type":"MultiPolygon"},"id":"municipality:28075","properties":{"autonomous_community_code":"13","code":"28075","level":"municipality","name":"Loeches","province_code":"28"},"type":"Feature"},{"geometry":{"coordinates":[[[[-3.888963,40.570859],[-3.883732,40.579096],[-3.883686,40.585277],[-3.875903,40.590176],[-3.867377,40.592163],[-3.859927,40.588185],[-3.854969,40.587999],[-3.843408,40.592376],[-3.837696,40.591357],[-3.82755,40.594694],[-3.814437,40.595417],[-3.806008,40.599867],[-3.810142,40.60665],[-3.812795,40.608162],[-3.809608,40.609869],[-3.806201,40.609511],[-3.806125,40.607916],[-3.80053,40.605901],[-3.803355,40.598882],[-3.789912,40.59899],[-3.783484,40.601768],[-3.778263,40.601732],[-3.740817,40.590646],[-3.737269,40.58607],[-3.720662,40.582219],[-3.705397,40.58298],[-3.705385,40.584697],[-3.696332,40.589879],[-3.687417,40.606809],[-3.679224,40.611175],[-3.674656,40.61641],[-3.666835,40.619581],[-3.668349,40.628892],[-3.661674,40.639492],[-3.655694,40.64328],[-3.648756,40.641401],[-3.644479,40.63809],[-3.638824,40.638403],[-3.630146,40.628285],[-3.628282,40.617645],[-3.622601,40.615909],[-3.618011,40.611265],[-3.616365,40.601523],[-3.605212,40.59646],[-3.601916,40.591001],[-3.606424,40.585117],[-3.616368,40.580492],[-3.62501,40.573615],[-3.650317,40.577424],[-3.656304,40.588997],[-3.663735,40.592328],[-3.66719,40.592119],[-3.691843,40.580469],[-3.701589,40.57864],[-3.690725,40.569173],[-3.689397,40.570358],[-3.6819,40.54999],[-3.678796,40.546887],[-3.677449,40.542336],[-3.669324,40.53438],[-3.677207,40.526992],[-3.672029,40.524366],[-3.665944,40.524476],[-3.666239,40.521125],[-3.66287,40.520033],[-3.658599,40.511669],[-3.65617,40.513097],[-3.644841,40.507882],[-3.633276,40.507651],[-3.615074,40.510959],[-3.606625,40.505887],[-3.602415,40.501277],[-3.593268,40.501407],[-3.582904,40.508457],[-3.572048,40.512405],[-3.561668,40.510687],[-3.554259,40.511336],[-3.555213,40.503154],[-3.553406,40.50246],[-3.552408,40.499007],[-3.541778,40.494088],[-3.540989,40.488587],[-3.536947,40.486436],[-3.533948,40.472001],[-3.524971,40.469114],[-3.529554,40.46074],[-3.526465,40.45543],[-3.534001,40.453153],[-3.531148,40.446873],[-3.535496,40.446478],[-3.535585,40.444708],[-3.540829,40.444634],[-3.568548,40.436211],[-3.573802,40.437672],[-3.575946,40.436743],[-3.575109,40.434102],[-3.579137,40.433156],[-3.576326,40.42968],[-3.577483,40.426013],[-3.575254,40.425574],[-3.579532,40.417338],[-3.57764,40.413663],[-3.5729,40.411768],[-3.564125,40.413532],[-3.539768,40.410492],[-3.535167,40.414415],[-3.530226,40.414715],[-3.53119,40.420084],[-3.522245,40.413819],[-3.519181,40.408885],[-3.518131,40.401959],[-3.520407,40.392102],[-3.529151,40.389385],[-3.533634,40.391625],[-3.538148,40.388732],[-3.550026,40.377894],[-3.558232,40.366459],[-3.565224,40.360076],[-3.554803,40.357067],[-3.557011,40.355094],[-3.555121,40.354059],[-3.56536,40.344379],[-3.572738,40.33366],[-3.582487,40.326256],[-3.585071,40.320416],[-3.583817,40.315813],[-3.576126,40.314886],[-3.587435,40.312791],[-3.598259,40.312065],[-3.60812,40.313665],[-3.620008,40.319118],[-3.624692,40.320427],[-3.6274,40.319593],[-3.649156,40.333416],[-3.659889,40.327753],[-3.663834,40.329034],[-3.670152,40.324974],[-3.679214,40.326331],[-3.685067,40.322256],[-3.692999,40.320053],[-3.696162,40.322218],[-3.712543,40.323494],[-3.714445,40.328059],[-3.724926,40.334986],[-3.720891,40.365548],[-3.757707,40.357261],[-3.780318,40.361865],[-3.787841,40.358706],[-3.802858,40.363332],[-3.80693,40.366453],[-3.810515,40.363717],[-3.813289,40.369833],[-3.834162,40.396058],[-3.820564,40.396606],[-3.810862,40.392805],[-3.804257,40.392057],[-3.788587,40.393973],[-3.789394,40.392419],[-3.781485,40.394183],[-3.77765,40.399136],[-3.77456,40.400306],[-3.781394,40.417571],[-3.779116,40.42428],[-3.770782,40.429426],[-3.770829,40.444057],[-3.784686,40.444357],[-3.79009,40.442362],[-3.788784,40.445767],[-3.790219,40.44581],[-3.793126,40.454029],[-3.795819,40.457913],[-3.804136,40.463031],[-3.828975,40.466314],[-3.834353,40.464417],[-3.838257,40.467767],[-3.836115,40.474894],[-3.837398,40.475745],[-3.836668,40.480864],[-3.833173,40.487779],[-3.834428,40.494066],[-3.839402,40.499385],[-3.837109,40.505892],[-3.852543,40.509787],[-3.854013,40.511997],[-3.851288,40.517647],[-3.854376,40.521354],[-3.853696,40.524418],[-3.863009,40.534665],[-3.86567,40.543403],[-3.869445,40.547415],[-3.873833,40.557569],[-3.884816,40.560843],[-3.88382,40.563837],[-3.887083,40.566456],[-3.888963,40.570859]]]],"type":"MultiPolygon"},"id":"municipality:28079","properties":{"autonomous_community_code":"13","code":"28079","level":"municipality","name":"Madrid","province_code":"28"},"type":"Feature"},{"geometry":{"coordinates":[[[[-3.509212,40.395984],[-3.50077,40.405801],[-3.503172,40.40726],[-3.501979,40.409199],[-3.497011,40.409353],[-3.494893,40.411882],[-3.489596,40.413398],[-3.484544,40.413105],[-3.46917,40.417956],[-3.45703,40.419013],[-3.452545,40.421644],[-3.442119,40.418684],[-3.439931,40.412551],[-3.441505,40.412528],[-3.440421,40.405209],[-3.449748,40.397378],[-3.449016,40.394961],[-3.455846,40.393898],[-3.459351,40.389594],[-3.46417,40.389336],[-3.465822,40.388492],[-3.465052,40.386934],[-3.474245,40.382025],[-3.484615,40.378938],[-3.500293,40.377966],[-3.501616,40.380586],[-3.505995,40.382636],[-3.50509,40.384608],[-3.500497,40.385244],[-3.50073,40.387311],[-3.502811,40.388325],[-3.502387,40.392907],[-3.506652,40.388602],[-3.505495,40.393459],[-3.509212,40.395984]]]],"type":"MultiPolygon"},"id":"municipality:28084","properties":{"autonomous_community_code":"13","code":"28084","level":"municipality","name":"Mejorada del Campo","province_code":"28"},"type":"Feature"},{"geometry":{"coordinates":[[[[-3.505849,40.239302],[-3.504713,40.242311],[-3.499341,40.246855],[-3.503189,40.250615],[-3.500352,40.256123],[-3.495108,40.251676],[-3.492066,40.251133],[-3.490333,40.253677],[-3.485737,40.253134],[-3.48268,40.256879],[-3.470128,40.255341],[-3.459141,40.258297],[-3.434838,40.257887],[-3.411582,40.251992],[-3.400399,40.239886],[-3.394509,40.219016],[-3.404016,40.208146],[-3.42093,40.201093],[-3.423033,40.196935],[-3.427387,40.201457],[-3.44666,40.201073],[-3.453095,40.20232],[-3.450999,40.207643],[-3.452774,40.209797],[-3.462181,40.213135],[-3.476035,40.213064],[-3.49404,40.217978],[-3.498298,40.216969],[-3.497598,40.220488],[-3.50093,40.225414],[-3.505849,40.239302]]]],"type":"MultiPolygon"},"id":"municipality:28091","properties":{"autonomous_community_code":"13","code":"28091","level":"municipality","name":"Morata de Tajuña","province_code":"28"},"type":"Feature"},{"geometry":{"coordinates":[[[[-3.942061,40.291682],[-3.941523,40.292723],[-3.93804,40.29185],[-3.928919,40.295978],[-3.923076,40.295484],[-3.918945,40.292135],[-3.916395,40.292149],[-3.916469,40.2899],[-3.918008,40.28934],[-3.925633,40.291503],[-3.936101,40.290071],[-3.942061,40.291682]]],[[[-3.94537,40.323162],[-3.934642,40.330305],[-3.932404,40.333469],[-3.934544,40.337825],[-3.922518,40.339858],[-3.917866,40.338805],[-3.913426,40.34282],[-3.905742,40.344468],[-3.898662,40.349503],[-3.896539,40.348888],[-3.881089,40.354024],[-3.867618,40.353645],[-3.867046,40.347132],[-3.859259,40.343596],[-3.858882,40.338897],[-3.859623,40.336042],[-3.861147,40.335944],[-3.858161,40.333401],[-3.8554,40.334743],[-3.847861,40.326131],[-3.847915,40.324055],[-3.843516,40.323532],[-3.843608,40.320089],[-3.841551,40.316539],[-3.841645,40.31477],[-3.84305,40.314876],[-3.842464,40.306074],[-3.84382,40.302718],[-3.846616,40.303168],[-3.849321,40.300396],[-3.84326,40.294798],[-3.843775,40.291748],[-3.841046,40.285802],[-3.849458,40.288114],[-3.851881,40.287107],[-3.873928,40.289353],[-3.877004,40.288297],[-3.881184,40.292362],[-3.886806,40.291449],[-3.889764,40.294765],[-3.892317,40.302155],[-3.894644,40.301609],[-3.896045,40.304231],[-3.898633,40.304646],[-3.905277,40.303808],[-3.91146,40.295188],[-3.915745,40.293048],[-3.915345,40.298671],[-3.91895,40.302754],[-3.930153,40.301166],[-3.934059,40.29834],[-3.941761,40.29718],[-3.941496,40.305055],[-3.945217,40.309714],[-3.942677,40.318004],[-3.94537,40.323162]]]],"type":"MultiPolygon"},"id":"municipality:28092","properties":{"autonomous_community_code":"13","code":"28092","level":"municipality","name":"Móstoles","province_code":"28"},"type":"Feature"},{"geometry":{"coordinates":[[[[-4.087907,40.287136],[-4.085525,40.292319],[-4.087368,40.294074],[-4.087731,40.298763],[-4.082553,40.309987],[-4.081493,40.317419],[-4.077224,40.321599],[-4.074971,40.32881],[-4.075908,40.329724],[-4.070963,40.334909],[-4.050805,40.334825],[-4.045038,40.332598],[-4.026415,40.333238],[-4.006388,40.339388],[-4.002917,40.333131],[-3.997146,40.331972],[-3.981701,40.32373],[-3.97827,40.324086],[-3.970536,40.320612],[-3.957309,40.304902],[-3.947019,40.300623],[-3.941508,40.300164],[-3.942128,40.284893],[-3.948925,40.273261],[-3.946717,40.267272],[-3.948072,40.262535],[-3.940004,40.259632],[-3.938382,40.2577],[-3.93885,40.252297],[-3.936934,40.24968],[-3.951739,40.251315],[-3.951877,40.248705],[-3.948987,40.244268],[-3.951938,40.243719],[-3.950999,40.23815],[-3.947715,40.231706],[-3.946378,40.224598],[-3.95626,40.226673],[-3.961987,40.229709],[-3.968192,40.235826],[-3.972149,40.25006],[-3.975498,40.252051],[-4.003507,40.256424],[-4.014802,40.250837],[-4.024028,40.248969],[-4.052085,40.251529],[-4.072894,40.265451],[-4.080455,40.26694],[-4.083547,40.272417],[-4.087907,40.287136]]]],"type":"MultiPolygon"},"id":"municipality:28096","properties":{"autonomous_community_code":"13","code":"28096","level":"municipality","name":"Navalcarnero","province_code":"28"},"type":"Feature"},{"geometry":{"coordinates":[[[[-3.566043,40.556508],[-3.56077,40.560368],[-3.561395,40.563569],[-3.558264,40.564998],[-3.558955,40.567612],[-3.564749,40.571971],[-3.560289,40.572922],[-3.557855,40.57548],[-3.55431,40.575399],[-3.544055,40.569783],[-3.546057,40.565548],[-3.550399,40.564655],[-3.529237,40.554385],[-3.521894,40.546384],[-3.513515,40.540794],[-3.50809,40.529836],[-3.503093,40.526119],[-3.50154,40.521838],[-3.490528,40.510511],[-3.476468,40.487925],[-3.499503,40.471824],[-3.512671,40.468736],[-3.528561,40.472303],[-3.533708,40.47178],[-3.536947,40.486436],[-3.540989,40.488587],[-3.541778,40.494088],[-3.552408,40.499007],[-3.553406,40.50246],[-3.555213,40.503154],[-3.554259,40.511336],[-3.55237,40.511192],[-3.5558,40.516699],[-3.551345,40.520085],[-3.550274,40.523102],[-3.557164,40.528773],[-3.556167,40.531387],[-3.549406,40.533315],[-3.547737,40.537429],[-3.550367,40.542287],[-3.557455,40.541848],[-3.556846,40.545711],[-3.56345,40.551015],[-3.566043,40.556508]]]],"type":"MultiPolygon"},"id":"municipality:28104","properties":{"autonomous_community_code":"13","code":"28104","level":"municipality","name":"Paracuellos de Jarama","province_code":"28"},"type":"Feature"},{"geometry":{"coordinates":[[[[-3.538004,40.429815],[-3.532178,40.430024],[-3.532658,40.432117],[-3.526507,40.433295],[-3.530209,40.439984],[-3.531148,40.446873],[-3.534563,40.452156],[-3.532279,40.454616],[-3.526451,40.455483],[-3.529554,40.46074],[-3.524948,40.469048],[-3.53084,40.471282],[-3.528561,40.472303],[-3.512671,40.468736],[-3.496949,40.472898],[-3.495697,40.471131],[-3.497935,40.470016],[-3.489731,40.454683],[-3.488457,40.445526],[-3.49027,40.4416],[-3.482266,40.430534],[-3.473727,40.433494],[-3.473852,40.434762],[-3.468295,40.435978],[-3.466993,40.434407],[-3.466071,40.437256],[-3.461638,40.437093],[-3.451415,40.441817],[-3.447196,40.446312],[-3.43307,40.454352],[-3.426856,40.45318],[-3.42572,40.451702],[-3.423889,40.452778],[-3.419927,40.451925],[-3.418621,40.446935],[-3.420768,40.446226],[-3.422891,40.442424],[-3.417264,40.437241],[-3.412883,40.435848],[-3.414521,40.431373],[-3.410634,40.426672],[-3.413026,40.424852],[-3.42047,40.423911],[-3.427145,40.425251],[-3.43809,40.432338],[-3.432183,40.419261],[-3.431943,40.415509],[-3.434766,40.412772],[-3.439947,40.412243],[-3.442119,40.418684],[-3.452545,40.421644],[-3.45703,40.419013],[-3.46917,40.417956],[-3.484544,40.413105],[-3.490083,40.413276],[-3.494893,40.411882],[-3.497011,40.409353],[-3.501187,40.409521],[-3.503172,40.40726],[-3.5087,40.406533],[-3.511288,40.40781],[-3.511633,40.411039],[-3.513506,40.409643],[-3.519913,40.40993],[-3.525184,40.416342],[-3.534122,40.420884],[-3.533453,40.421708],[-3.536921,40.423437],[-3.538004,40.429815]]]],"type":"MultiPolygon"},"id":"municipality:28130","properties":{"autonomous_community_code":"13","code":"28130","level":"municipality","name":"San Fernando de Henares","province_code":"28"},"type":"Feature"},{"geometry":{"coordinates":[[[[-3.674143,40.588862],[-3.66719,40.592119],[-3.660319,40.591671],[-3.655285,40.587688],[-3.650317,40.577424],[-3.62501,40.573615],[-3.616368,40.580492],[-3.606424,40.585117],[-3.601781,40.592099],[-3.605212,40.59646],[-3.616365,40.601523],[-3.618011,40.611265],[-3.622601,40.615909],[-3.625802,40.616756],[-3.625284,40.618481],[-3.608205,40.630937],[-3.604572,40.630711],[-3.603598,40.624969],[-3.598446,40.627064],[-3.589962,40.625663],[-3.58415,40.627192],[-3.579863,40.623551],[-3.580308,40.619557],[-3.573505,40.618999],[-3.573377,40.610702],[-3.577411,40.607496],[-3.573412,40.599049],[-3.564718,40.598416],[-3.564333,40.591865],[-3.560993,40.591722],[-3.56059,40.587169],[-3.558615,40.585746],[-3.548879,40.587061],[-3.544467,40.583549],[-3.539625,40.5823],[-3.53938,40.5799],[-3.537545,40.57927],[-3.539691,40.578685],[-3.538303,40.57675],[-3.539325,40.571877],[-3.543449,40.571996],[-3.544055,40.569783],[-3.55431,40.575399],[-3.557855,40.57548],[-3.560289,40.572922],[-3.564749,40.571971],[-3.558206,40.566484],[-3.558264,40.564998],[-3.561395,40.563569],[-3.561179,40.559848],[-3.5657,40.5576],[-3.565366,40.553521],[-3.556915,40.545814],[-3.557406,40.541808],[-3.549992,40.542017],[-3.548097,40.535073],[-3.551204,40.532333],[-3.562687,40.53441],[-3.578598,40.533684],[-3.5918,40.537557],[-3.603289,40.536998],[-3.615185,40.539809],[-3.626195,40.540282],[-3.628055,40.541288],[-3.628313,40.543603],[-3.636749,40.547945],[-3.640845,40.554158],[-3.654168,40.55514],[-3.674143,40.588862]]]],"type":"MultiPolygon"},"id":"municipality:28134","properties":{"autonomous_community_code":"13","code":"28134","level":"municipality","name":"San Sebastián de los Reyes","province_code":"28"},"type":"Feature"},{"geometry":{"coordinates":[[[[-3.583895,40.132379],[-3.581681,40.136178],[-3.57453,40.140035],[-3.576242,40.143926],[-3.575197,40.146653],[-3.565929,40.149902],[-3.565822,40.154595],[-3.563041,40.158661],[-3.564081,40.16819],[-3.561956,40.171128],[-3.549038,40.169441],[-3.54468,40.165957],[-3.543867,40.163834],[-3.545324,40.16289],[-3.545992,40.157428],[-3.542392,40.151432],[-3.535579,40.149016],[-3.550913,40.142203],[-3.555921,40.136362],[-3.554694,40.132492],[-3.556095,40.132984],[-3.557585,40.12524],[-3.561612,40.125864],[-3.575008,40.121652],[-3.578825,40.125773],[-3.577593,40.130212],[-3.580766,40.130388],[-3.581052,40.128602],[-3.583741,40.128514],[-3.583895,40.132379]]]],"type":"MultiPolygon"},"id":"municipality:28147","properties":{"autonomous_community_code":"13","code":"28147","level":"municipality","name":"Titulcia","province_code":"28"},"type":"Feature"},{"geometry":{"coordinates":[[[[-3.426856,40.45318],[-3.423851,40.456188],[-3.419751,40.45461],[-3.414012,40.456294],[-3.406041,40.450564],[-3.397807,40.450332],[-3.39728,40.452164],[-3.391945,40.449628],[-3.3893,40.446348],[-3.348596,40.42384],[-3.339663,40.421047],[-3.331489,40.423642],[-3.332356,40.421864],[-3.328417,40.416765],[-3.326237,40.407636],[-3.322788,40.404345],[-3.317398,40.404098],[-3.312154,40.400608],[-3.322573,40.395162],[-3.323859,40.392372],[-3.32501,40.389702],[-3.319618,40.38405],[-3.326912,40.378907],[-3.337138,40.377139],[-3.35255,40.366513],[-3.371434,40.374902],[-3.380719,40.387103],[-3.400021,40.407601],[-3.402895,40.414547],[-3.411918,40.425794],[-3.410634,40.426672],[-3.414521,40.431373],[-3.412883,40.435848],[-3.417264,40.437241],[-3.422891,40.442424],[-3.420768,40.446226],[-3.418621,40.446935],[-3.419927,40.451925],[-3.423889,40.452778],[-3.42572,40.451702],[-3.426856,40.45318]]]],"type":"MultiPolygon"},"id":"municipality:28154","properties":{"autonomous_community_code":"13","code":"28154","level":"municipality","name":"Torres de la Alameda","province_code":"28"},"type":"Feature"},{"geometry":{"coordinates":[[[[-3.348381,40.273796],[-3.340933,40.289905],[-3.339108,40.300285],[-3.333721,40.315632],[-3.31286,40.328616],[-3.297593,40.330091],[-3.288196,40.332714],[-3.284917,40.331536],[-3.252134,40.303479],[-3.268261,40.294164],[-3.279061,40.278237],[-3.281676,40.266369],[-3.284897,40.262311],[-3.29714,40.260467],[-3.320952,40.260313],[-3.333912,40.264221],[-3.348381,40.273796]]]],"type":"MultiPolygon"},"id":"municipality:28165","properties":{"autonomous_community_code":"13","code":"28165","level":"municipality","name":"Valdilecha","province_code":"28"},"type":"Feature"},{"geometry":{"coordinates":[[[[-3.512024,40.370754],[-3.510622,40.372584],[-3.505262,40.373047],[-3.500293,40.377966],[-3.489017,40.378075],[-3.474245,40.382025],[-3.465052,40.386934],[-3.465822,40.388492],[-3.462301,40.385034],[-3.464214,40.383362],[-3.459648,40.380225],[-3.454755,40.361752],[-3.451491,40.357792],[-3.453475,40.343264],[-3.471601,40.338112],[-3.477427,40.349966],[-3.484308,40.350735],[-3.483222,40.359448],[-3.484307,40.361369],[-3.49666,40.363615],[-3.501296,40.359023],[-3.504502,40.358252],[-3.50689,40.36024],[-3.512024,40.370754]]]],"type":"MultiPolygon"},"id":"municipality:28167","properties":{"autonomous_community_code":"13","code":"28167","level":"municipality","name":"Velilla de San Antonio","province_code":"28"},"type":"Feature"},{"geometry":{"coordinates":[[[[-4.006453,40.33778],[-4.003285,40.341804],[-3.998097,40.343439],[-3.999313,40.350597],[-4.003378,40.354909],[-4.003403,40.358],[-4.002185,40.358147],[-4.005283,40.359294],[-4.000757,40.362148],[-3.990944,40.363734],[-3.980848,40.369944],[-3.97339,40.368107],[-3.962489,40.370599],[-3.95056,40.367844],[-3.946054,40.370866],[-3.943941,40.376059],[-3.950914,40.389385],[-3.945317,40.396155],[-3.948994,40.41378],[-3.938173,40.414973],[-3.929494,40.412036],[-3.921504,40.407102],[-3.91054,40.405969],[-3.891391,40.397808],[-3.887078,40.394485],[-3.885424,40.390625],[-3.887163,40.389128],[-3.871957,40.381542],[-3.867598,40.377684],[-3.866385,40.374182],[-3.868571,40.374314],[-3.868545,40.372984],[-3.877882,40.373245],[-3.879135,40.369934],[-3.870586,40.358473],[-3.870924,40.353118],[-3.881089,40.354024],[-3.896539,40.348888],[-3.898662,40.349503],[-3.905742,40.344468],[-3.913426,40.34282],[-3.917866,40.338805],[-3.922518,40.339858],[-3.934544,40.337825],[-3.932404,40.333469],[-3.934642,40.330305],[-3.94537,40.323162],[-3.942658,40.317824],[-3.945165,40.309353],[-3.941561,40.305253],[-3.941508,40.300164],[-3.947019,40.300623],[-3.957309,40.304902],[-3.970536,40.320612],[-3.97827,40.324086],[-3.981701,40.32373],[-3.997146,40.331972],[-4.002917,40.333131],[-4.006453,40.33778]]]],"type":"MultiPolygon"},"id":"municipality:28181","properties":{"autonomous_community_code":"13","code":"28181","level":"municipality","name":"Villaviciosa de Odón","province_code":"28"},"type":"Feature"},{"geometry":{"coordinates":[[[[-1.440135,38.10954],[-1.433366,38.112947],[-1.412562,38.102872],[-1.399358,38.10171],[-1.396385,38.098118],[-1.393562,38.097668],[-1.395357,38.088699],[-1.385152,38.079895],[-1.38611,38.076775],[-1.384508,38.074852],[-1.380452,38.075176],[-1.37131,38.07133],[-1.359663,38.069291],[-1.35478,38.066151],[-1.33295,38.059501],[-1.33142,38.061154],[-1.319543,38.060907],[-1.3127,38.056374],[-1.307344,38.050302],[-1.30776,38.048629],[-1.303836,38.045688],[-1.306393,38.043572],[-1.302599,38.042164],[-1.300506,38.03528],[-1.31239,38.027102],[-1.311269,38.02536],[-1.312495,38.024155],[-1.318391,38.029272],[-1.350172,38.017881],[-1.351948,38.008795],[-1.360634,37.99419],[-1.389512,37.989105],[-1.398339,38.000154],[-1.354512,38.023511],[-1.358739,38.03725],[-1.368894,38.045349],[-1.367214,38.051742],[-1.374237,38.054174],[-1.385751,38.05354],[-1.389092,38.050602],[-1.419445,38.081403],[-1.440135,38.10954]]]],"type":"MultiPolygon"},"id":"municipality:30014","properties":{"autonomous_community_code":"14","code":"30014","level":"municipality","name":"Campos del Río","province_code":"30"},"type":"Feature"},{"geometry":{"coordinates":[[[[-1.733572,37.948888],[-1.724677,37.954154],[-1.721586,37.959028],[-1.702352,37.973799],[-1.67192,37.987215],[-1.672663,37.990004],[-1.66517,37.993084],[-1.66267,37.995676],[-1.66138,38.001509],[-1.658132,38.003122],[-1.631322,38.034005],[-1.62439,38.038451],[-1.619563,38.047784],[-1.618419,38.053843],[-1.615138,38.055891],[-1.620198,38.070462],[-1.620168,38.074423],[-1.624358,38.083187],[-1.629128,38.108906],[-1.632839,38.163816],[-1.622577,38.171805],[-1.588484,38.190415],[-1.585417,38.185157],[-1.589026,38.181571],[-1.582487,38.181317],[-1.569561,38.177465],[-1.566537,38.173338],[-1.552792,38.167772],[-1.552442,38.166308],[-1.527629,38.164812],[-1.516519,38.162187],[-1.505716,38.142011],[-1.491313,38.120514],[-1.485751,38.116981],[-1.480002,38.118106],[-1.477879,38.11487],[-1.462332,38.116443],[-1.433366,38.112947],[-1.440135,38.10954],[-1.432005,38.097072],[-1.419445,38.081403],[-1.389092,38.050602],[-1.401103,38.045383],[-1.405032,38.039088],[-1.403005,38.020085],[-1.398339,38.000154],[-1.389512,37.989105],[-1.360634,37.99419],[-1.359304,37.979225],[-1.360033,37.966597],[-1.357302,37.959884],[-1.362868,37.955679],[-1.367236,37.958493],[-1.37007,37.956162],[-1.371677,37.950578],[-1.377781,37.950925],[-1.379868,37.948406],[-1.384737,37.948968],[-1.385459,37.94529],[-1.383214,37.940445],[-1.372638,37.933441],[-1.370052,37.928902],[-1.382742,37.921],[-1.385405,37.917705],[-1.391854,37.918034],[-1.410711,37.905915],[-1.467636,37.898559],[-1.482472,37.89522],[-1.503444,37.887026],[-1.527462,37.888363],[-1.535497,37.884411],[-1.544204,37.884421],[-1.557031,37.888057],[-1.562585,37.886054],[-1.57782,37.896121],[-1.584557,37.895071],[-1.591598,37.896395],[-1.609905,37.889919],[-1.619923,37.883851],[-1.640339,37.866712],[-1.64429,37.866156],[-1.654573,37.859346],[-1.665089,37.863585],[-1.679467,37.880538],[-1.674833,37.898125],[-1.690909,37.908864],[-1.700538,37.92376],[-1.705254,37.928195],[-1.711658,37.93061],[-1.720644,37.938336],[-1.721078,37.940632],[-1.733572,37.948888]],[[-1.538751,37.959735],[-1.536694,37.959029],[-1.536349,37.956104],[-1.534627,37.955152],[-1.535128,37.951408],[-1.523851,37.951103],[-1.517936,37.946561],[-1.514241,37.949927],[-1.507895,37.952438],[-1.500556,37.947513],[-1.466364,37.960455],[-1.471974,37.965506],[-1.478243,37.975866],[-1.476428,37.98026],[-1.477676,37.989857],[-1.480882,37.998685],[-1.486247,38.003662],[-1.491623,38.005265],[-1.491662,38.00722],[-1.504734,38.013915],[-1.510428,38.011158],[-1.512722,38.014998],[-1.517279,38.009358],[-1.524108,38.009073],[-1.524777,38.006332],[-1.522385,38.00481],[-1.521257,38.000908],[-1.523621,37.995526],[-1.522743,37.993747],[-1.524959,37.991871],[-1.523058,37.990468],[-1.52522,37.98949],[-1.524121,37.988306],[-1.525347,37.98343],[-1.521493,37.982008],[-1.52595,37.98012],[-1.525981,37.975217],[-1.531663,37.974786],[-1.529571,37.972809],[-1.532758,37.972012],[-1.529879,37.970355],[-1.537862,37.966359],[-1.536952,37.961638],[-1.538751,37.959735]]]],"type":"MultiPolygon"},"id":"municipality:30029","properties":{"autonomous_community_code":"14","code":"30029","level":"municipality","name":"Mula","province_code":"30"},"type":"Feature"},{"geometry":{"coordinates":[[[[-5.948119,37.366089],[-5.911909,37.375036],[-5.908944,37.377264],[-5.903945,37.377056],[-5.887477,37.386459],[-5.845435,37.387865],[-5.840901,37.386808],[-5.819041,37.390095],[-5.819212,37.385493],[-5.810126,37.386192],[-5.795483,37.370028],[-5.784933,37.36154],[-5.77518,37.347442],[-5.767878,37.341012],[-5.765373,37.333801],[-5.76634,37.328877],[-5.763631,37.327825],[-5.766042,37.325368],[-5.764945,37.32315],[-5.774229,37.31311],[-5.774382,37.307463],[-5.75782,37.304052],[-5.744504,37.303543],[-5.740601,37.301849],[-5.733322,37.297192],[-5.713952,37.279332],[-5.704611,37.274967],[-5.69329,37.272443],[-5.687451,37.266849],[-5.670276,37.262302],[-5.663634,37.258332],[-5.658177,37.251833],[-5.650694,37.247394],[-5.653182,37.235407],[-5.655843,37.230262],[-5.657221,37.215726],[-5.658922,37.213968],[-5.649492,37.187304],[-5.685055,37.189282],[-5.692649,37.187857],[-5.698645,37.191575],[-5.714351,37.194331],[-5.723209,37.199964],[-5.728464,37.205382],[-5.727882,37.21156],[-5.724445,37.21371],[-5.720105,37.222432],[-5.72071,37.225959],[-5.723806,37.229192],[-5.732829,37.236604],[-5.737456,37.238309],[-5.752594,37.231158],[-5.761258,37.241542],[-5.759074,37.247731],[-5.760532,37.249707],[-5.76261,37.25085],[-5.774978,37.250097],[-5.782012,37.253131],[-5.788352,37.245144],[-5.791592,37.244372],[-5.792902,37.242265],[-5.804322,37.237038],[-5.808792,37.236873],[-5.813583,37.233741],[-5.82364,37.232508],[-5.827333,37.236173],[-5.833361,37.234443],[-5.834922,37.237557],[-5.837155,37.237551],[-5.838243,37.234207],[-5.839643,37.234285],[-5.840952,37.241889],[-5.842916,37.243012],[-5.848626,37.238513],[-5.844875,37.233606],[-5.847076,37.227977],[-5.850574,37.225314],[-5.878146,37.221116],[-5.895742,37.213448],[-5.902377,37.208599],[-5.90609,37.20868],[-5.905764,37.212274],[-5.907303,37.213425],[-5.922371,37.212494],[-5.921026,37.217142],[-5.918489,37.219424],[-5.912742,37.221091],[-5.907786,37.225306],[-5.90407,37.225277],[-5.901652,37.228205],[-5.896057,37.246711],[-5.895598,37.251164],[-5.89784,37.255404],[-5.894451,37.259733],[-5.89253,37.260095],[-5.894838,37.263073],[-5.893693,37.266748],[-5.883516,37.276548],[-5.894127,37.283161],[-5.896786,37.288401],[-5.907179,37.298934],[-5.917869,37.301371],[-5.920779,37.307284],[-5.917642,37.308462],[-5.904393,37.325968],[-5.904973,37.3313],[-5.922157,37.346924],[-5.926517,37.353871],[-5.938555,37.361762],[-5.939862,37.364303],[-5.948119,37.366089]]]],"type":"MultiPolygon"},"id":"municipality:41004","properties":{"autonomous_community_code":"01","code":"41004","level":"municipality","name":"Alcalá de Guadaíra","province_code":"41"},"type":"Feature"},{"geometry":{"coordinates":[[[[-5.754577,37.160019],[-5.749951,37.160426],[-5.74936,37.162724],[-5.745495,37.165599],[-5.746024,37.167247],[-5.741352,37.169054],[-5.737226,37.166992],[-5.729428,37.171235],[-5.725998,37.171136],[-5.726295,37.173973],[-5.720659,37.174176],[-5.689024,37.188943],[-5.649492,37.187304],[-5.634793,37.153029],[-5.61847,37.127362],[-5.634513,37.132813],[-5.654894,37.135948],[-5.657888,37.139322],[-5.672693,37.148303],[-5.679662,37.1462],[-5.688656,37.146348],[-5.696893,37.143363],[-5.704322,37.144416],[-5.711689,37.139971],[-5.721607,37.136923],[-5.754577,37.160019]]]],"type":"MultiPolygon"},"id":"municipality:41063","properties":{"autonomous_community_code":"01","code":"41063","level":"municipality","name":"Los Molares","province_code":"41"},"type":"Feature"},{"geometry":{"coordinates":[[[[-6.048873,37.132678],[-6.039087,37.141508],[-6.037657,37.145428],[-6.039703,37.150397],[-6.034512,37.153728],[-6.02053,37.156332],[-5.996468,37.163864],[-5.991893,37.152378],[-5.986627,37.144131],[-5.948156,37.101833],[-5.936914,37.07844],[-5.929978,37.081738],[-5.928852,37.091056],[-5.924308,37.095746],[-5.919353,37.098238],[-5.918174,37.10152],[-5.916043,37.100807],[-5.888488,37.107212],[-5.885904,37.107879],[-5.887292,37.110062],[-5.860086,37.115749],[-5.861497,37.118545],[-5.847471,37.13103],[-5.842174,37.14015],[-5.874462,37.169748],[-5.877647,37.176239],[-5.878631,37.189696],[-5.904006,37.203503],[-5.908159,37.208682],[-5.907869,37.213488],[-5.905764,37.212274],[-5.90609,37.20868],[-5.902377,37.208599],[-5.895742,37.213448],[-5.878146,37.221116],[-5.850574,37.225314],[-5.847076,37.227977],[-5.844875,37.233606],[-5.848626,37.238513],[-5.842916,37.243012],[-5.840952,37.241889],[-5.839643,37.234285],[-5.838243,37.234207],[-5.837155,37.237551],[-5.834922,37.237557],[-5.833361,37.234443],[-5.827333,37.236173],[-5.82364,37.232508],[-5.813583,37.233741],[-5.808792,37.236873],[-5.804322,37.237038],[-5.796057,37.240369],[-5.791186,37.244624],[-5.788352,37.245144],[-5.782012,37.253131],[-5.774978,37.250097],[-5.761647,37.250479],[-5.759074,37.247731],[-5.761258,37.241542],[-5.752594,37.231158],[-5.737456,37.238309],[-5.730357,37.234823],[-5.720925,37.226322],[-5.720347,37.221801],[-5.724445,37.21371],[-5.727882,37.21156],[-5.72836,37.208155],[-5.728464,37.205382],[-5.723209,37.199964],[-5.713929,37.194154],[-5.695042,37.190339],[-5.691816,37.186756],[-5.720659,37.174176],[-5.726295,37.173973],[-5.725998,37.171136],[-5.729428,37.171235],[-5.735652,37.167553],[-5.738134,37.167013],[-5.741352,37.169054],[-5.746024,37.167247],[-5.745495,37.165599],[-5.74936,37.162724],[-5.749951,37.160426],[-5.754577,37.160019],[-5.721607,37.136923],[-5.711689,37.139971],[-5.704322,37.144416],[-5.696893,37.143363],[-5.688656,37.146348],[-5.679662,37.1462],[-5.672693,37.148303],[-5.657888,37.139322],[-5.654894,37.135948],[-5.634513,37.132813],[-5.61847,37.127362],[-5.61603,37.123748],[-5.612923,37.115834],[-5.611785,37.109406],[-5.613244,37.108652],[-5.653645,37.112729],[-5.658344,37.103603],[-5.663685,37.104457],[-5.671572,37.091645],[-5.671682,37.085497],[-5.678517,37.07962],[-5.677897,37.069983],[-5.67925,37.063707],[-5.677286,37.055488],[-5.678918,37.047539],[-5.673915,37.040821],[-5.668056,37.039142],[-5.66547,37.035604],[-5.64919,37.023199],[-5.620125,36.992078],[-5.608524,36.984313],[-5.612415,36.981497],[-5.61357,36.974866],[-5.601767,36.965663],[-5.596946,36.964606],[-5.588149,36.946891],[-5.594922,36.944671],[-5.60628,36.950793],[-5.607352,36.944705],[-5.610249,36.941424],[-5.614857,36.942548],[-5.618088,36.940161],[-5.626144,36.954438],[-5.632828,36.950604],[-5.649665,36.954321],[-5.658398,36.967166],[-5.666121,36.975743],[-5.667948,36.975954],[-5.694611,36.956779],[-5.69556,36.953144],[-5.693684,36.94577],[-5.696177,36.935278],[-5.702767,36.927972],[-5.703199,36.925601],[-5.713236,36.920578],[-5.717014,36.919519],[-5.72713,36.921504],[-5.736306,36.91822],[-5.744017,36.922944],[-5.762996,36.925721],[-5.774111,36.924254],[-5.786953,36.925846],[-5.798224,36.924346],[-5.803935,36.925518],[-5.831787,36.915648],[-5.8322,36.918909],[-5.836908,36.924213],[-5.839585,36.924969],[-5.834738,36.931086],[-5.834866,36.937571],[-5.809024,36.948882],[-5.807767,36.951958],[-5.812546,36.95672],[-5.815829,36.963554],[-5.815503,36.967481],[-5.826264,36.978183],[-5.825694,36.981306],[-5.827374,36.98269],[-5.827358,36.985592],[-5.836391,36.987458],[-5.845286,36.992219],[-5.869577,37.025787],[-5.88208,37.032467],[-5.890022,37.032941],[-5.894692,37.034873],[-5.905377,37.042712],[-5.912047,37.044279],[-5.920763,37.043218],[-5.921949,37.048343],[-5.94673,37.056885],[-6.011638,37.071997],[-6.029795,37.074454],[-6.034945,37.078665],[-6.037778,37.078647],[-6.035758,37.090025],[-6.042531,37.105539],[-6.042241,37.108403],[-6.029106,37.116471],[-6.026962,37.11912],[-6.026618,37.122652],[-6.031202,37.127248],[-6.043234,37.129273],[-6.048873,37.132678]],[[-5.833929,37.076326],[-5.81899,37.068536],[-5.811475,37.066785],[-5.81149,37.065047],[-5.818809,37.06294],[-5.811357,37.056089],[-5.813887,37.049711],[-5.824646,37.042665],[-5.821144,37.028764],[-5.814349,37.027923],[-5.805808,37.023217],[-5.788956,37.020147],[-5.783042,37.015496],[-5.788634,37.029555],[-5.774171,37.033955],[-5.770648,37.025018],[-5.768819,37.023537],[-5.763254,37.024797],[-5.765079,37.033839],[-5.758116,37.03453],[-5.754452,37.042112],[-5.745192,37.049126],[-5.744131,37.056396],[-5.740499,37.059188],[-5.743488,37.060038],[-5.743092,37.058647],[-5.745672,37.057803],[-5.747345,37.054314],[-5.747952,37.050536],[-5.751935,37.048009],[-5.75753,37.050277],[-5.756896,37.051441],[-5.759056,37.049425],[-5.759695,37.051369],[-5.763276,37.050733],[-5.764399,37.052696],[-5.763244,37.055343],[-5.756651,37.054613],[-5.759742,37.055458],[-5.762485,37.06067],[-5.758364,37.061099],[-5.752385,37.056714],[-5.749001,37.05953],[-5.748199,37.058271],[-5.746063,37.059043],[-5.748801,37.064117],[-5.758719,37.061993],[-5.760116,37.064822],[-5.776118,37.077828],[-5.784108,37.075094],[-5.786174,37.081868],[-5.784176,37.08399],[-5.785654,37.083914],[-5.794323,37.093573],[-5.801288,37.087261],[-5.803045,37.082831],[-5.809979,37.078751],[-5.810138,37.076637],[-5.812118,37.075437],[-5.814165,37.075073],[-5.816218,37.078542],[-5.816718,37.076388],[-5.822544,37.080182],[-5.833929,37.076326]]]],"type":"MultiPolygon"},"id":"municipality:41095","properties":{"autonomous_community_code":"01","code":"41095","level":"municipality","name":"Utrera","province_code":"41"},"type":"Feature"},{"geometry":{"coordinates":[[[[-6.080537,36.855229],[-6.076394,36.861824],[-6.066156,36.864351],[-6.057524,36.871475],[-6.052933,36.872774],[-6.052171,36.871099],[-6.042783,36.876467],[-6.030342,36.876416],[-6.033566,36.883912],[-6.025219,36.890703],[-6.021355,36.888314],[-6.010193,36.885741],[-5.98089,36.86779],[-5.971264,36.866247],[-5.965115,36.860075],[-5.952451,36.860886],[-5.948378,36.859347],[-5.945381,36.85724],[-5.945413,36.853689],[-5.941342,36.851924],[-5.952848,36.853126],[-5.960996,36.851265],[-5.973123,36.844186],[-5.977681,36.845505],[-6.021249,36.847469],[-6.036381,36.849327],[-6.050594,36.853442],[-6.076566,36.853521],[-6.080537,36.855229]]]],"type":"MultiPolygon"},"id":"municipality:41903","properties":{"autonomous_community_code":"01","code":"41903","level":"municipality","name":"El Cuervo de Sevilla","province_code":"41"},"type":"Feature"},{"geometry":{"coordinates":[[[[0.68469,40.941006],[0.690106,40.943736],[0.693187,40.94264],[0.698791,40.944164],[0.739515,40.939004],[0.750217,40.932393],[0.789466,40.938746],[0.802656,40.938667],[0.825696,40.941408],[0.835559,40.937476],[0.841467,40.938815],[0.846044,40.936773],[0.857857,40.935243],[0.85196,40.931317],[0.852665,40.929178],[0.850697,40.926196],[0.8515,40.929637],[0.843282,40.921379],[0.841376,40.921868],[0.836973,40.918803],[0.835775,40.913531],[0.836335,40.91505],[0.833619,40.916013],[0.835732,40.9149],[0.832415,40.913169],[0.83388,40.911774],[0.826838,40.90832],[0.826746,40.903203],[0.824163,40.902609],[0.825052,40.901416],[0.820132,40.897606],[0.817818,40.893259],[0.816366,40.89317],[0.816841,40.891995],[0.81418,40.892009],[0.806958,40.886937],[0.808121,40.886075],[0.805554,40.884444],[0.802916,40.877441],[0.804964,40.883032],[0.801971,40.882886],[0.801362,40.8813],[0.803175,40.881557],[0.800361,40.879101],[0.80217,40.879291],[0.795952,40.876131],[0.797093,40.874405],[0.794995,40.874227],[0.795395,40.869823],[0.793688,40.868688],[0.792454,40.870793],[0.79332,40.868898],[0.792104,40.866492],[0.782911,40.862291],[0.781887,40.860413],[0.769873,40.857736],[0.76374,40.850723],[0.764312,40.84898],[0.762614,40.846493],[0.758639,40.847663],[0.751978,40.846044],[0.744495,40.847619],[0.742803,40.849376],[0.745577,40.85377],[0.744093,40.860042],[0.747143,40.866372],[0.749012,40.88643],[0.751019,40.889391],[0.737116,40.915158],[0.735988,40.91642],[0.732339,40.914872],[0.723606,40.916209],[0.710943,40.919679],[0.708375,40.921725],[0.709262,40.922949],[0.707362,40.92527],[0.703567,40.927905],[0.701621,40.927292],[0.700897,40.929198],[0.69813,40.928764],[0.694643,40.931821],[0.693317,40.933602],[0.695164,40.936253],[0.689694,40.937185],[0.68469,40.941006]]]],"type":"MultiPolygon"},"id":"municipality:43013","properties":{"autonomous_community_code":"09","code":"43013","level":"municipality","name":"L'Ametlla de Mar","province_code":"43"},"type":"Feature"},{"geometry":{"coordinates":[[[[0.633344,41.003253],[0.639113,41.005692],[0.64078,41.004585],[0.642688,41.006531],[0.645086,41.00453],[0.651355,41.005813],[0.654242,41.021126],[0.657301,41.028839],[0.66045,41.031963],[0.663053,41.040937],[0.650433,41.049361],[0.650113,41.050433],[0.656947,41.054473],[0.647545,41.062498],[0.650248,41.063651],[0.654172,41.062229],[0.6624,41.070154],[0.684591,41.076654],[0.692204,41.090717],[0.694929,41.101223],[0.69776,41.10464],[0.712379,41.105207],[0.719551,41.102899],[0.732679,41.103236],[0.738055,41.097103],[0.74868,41.091364],[0.751283,41.084944],[0.761689,41.085189],[0.765034,41.089728],[0.765061,41.093437],[0.766771,41.094316],[0.770423,41.088487],[0.769422,41.083784],[0.787092,41.078481],[0.787044,41.076793],[0.792235,41.071136],[0.802974,41.069338],[0.802959,41.067461],[0.805057,41.066567],[0.815437,41.066743],[0.816482,41.072201],[0.81939,41.070661],[0.820471,41.074784],[0.823714,41.076892],[0.824294,41.081209],[0.822638,41.083385],[0.824249,41.086818],[0.820539,41.086165],[0.819606,41.088316],[0.82702,41.098488],[0.833982,41.097057],[0.843806,41.099555],[0.850386,41.094289],[0.861229,41.093569],[0.864287,41.089704],[0.868028,41.088684],[0.868932,41.086263],[0.873269,41.08363],[0.870459,41.078706],[0.872435,41.076099],[0.870248,41.073466],[0.867683,41.073107],[0.867905,41.076061],[0.865569,41.078222],[0.868955,41.08154],[0.869298,41.084695],[0.863938,41.084004],[0.863597,41.086631],[0.858241,41.084179],[0.857185,41.080248],[0.852237,41.0779],[0.856451,41.073837],[0.854158,41.071233],[0.856036,41.07066],[0.855239,41.069115],[0.857298,41.066804],[0.857485,41.06164],[0.853223,41.058914],[0.852503,41.056437],[0.844438,41.055641],[0.844281,41.053177],[0.837061,41.053964],[0.835456,41.052629],[0.825093,41.057076],[0.824203,41.059132],[0.818606,41.062105],[0.815111,41.062097],[0.814797,41.059893],[0.812637,41.059913],[0.810622,41.056664],[0.806009,41.054866],[0.802411,41.04766],[0.800084,41.047472],[0.801091,41.045576],[0.798801,41.044374],[0.795939,41.039124],[0.790999,41.037533],[0.790263,41.035497],[0.786578,41.034426],[0.785023,41.031649],[0.780499,41.029072],[0.785898,41.025257],[0.782261,41.022373],[0.783327,41.017585],[0.785459,41.016316],[0.781971,41.013803],[0.783793,41.012331],[0.77819,41.006626],[0.778639,41.000045],[0.774672,40.997151],[0.776899,40.994396],[0.775852,40.990808],[0.781751,40.991568],[0.792665,40.972621],[0.798678,40.968595],[0.798078,40.966433],[0.803432,40.952979],[0.810145,40.947469],[0.821867,40.942986],[0.818824,40.940728],[0.789466,40.938746],[0.750217,40.932393],[0.739515,40.939004],[0.698633,40.94417],[0.693187,40.94264],[0.690106,40.943736],[0.68237,40.940409],[0.679252,40.944847],[0.672381,40.946057],[0.666125,40.943629],[0.661946,40.946421],[0.660322,40.954493],[0.657945,40.957261],[0.659086,40.962454],[0.655722,40.964576],[0.657426,40.967926],[0.650972,40.971752],[0.648749,40.984418],[0.64243,40.988833],[0.641094,40.9939],[0.642929,40.996787],[0.633344,41.003253]]]],"type":"MultiPolygon"},"id":"municipality:43150","properties":{"autonomous_community_code":"09","code":"43150","level":"municipality","name":"Tivissa","province_code":"43"},"type":"Feature"},{"geometry":{"coordinates":[[[[0.774672,40.997151],[0.778639,41.000045],[0.77819,41.006626],[0.783793,41.012331],[0.781971,41.013803],[0.785459,41.016316],[0.783327,41.017585],[0.782261,41.022373],[0.785898,41.025257],[0.780528,41.029146],[0.785023,41.031649],[0.786578,41.034426],[0.790263,41.035497],[0.790999,41.037533],[0.795939,41.039124],[0.798801,41.044374],[0.801091,41.045576],[0.800084,41.047472],[0.802411,41.04766],[0.806009,41.054866],[0.810622,41.056664],[0.812637,41.059913],[0.814797,41.059893],[0.815002,41.062045],[0.816823,41.062316],[0.835456,41.052629],[0.832925,41.050692],[0.83564,41.045886],[0.834434,41.042806],[0.835409,41.039231],[0.84498,41.031681],[0.849745,41.032271],[0.856224,41.029524],[0.861351,41.030501],[0.871092,41.026499],[0.870293,41.029671],[0.875225,41.026904],[0.879031,41.029063],[0.880883,41.027745],[0.878289,41.026317],[0.885749,41.025037],[0.886827,41.028419],[0.907366,41.024723],[0.913925,41.020025],[0.916095,41.016322],[0.917241,41.012978],[0.914969,41.011957],[0.916746,41.010653],[0.916624,41.006182],[0.923443,41.002906],[0.921989,40.998237],[0.924437,40.992615],[0.929793,40.992945],[0.931908,40.991494],[0.930019,40.989743],[0.930852,40.988324],[0.927127,40.986865],[0.930363,40.988517],[0.929315,40.990041],[0.927315,40.989263],[0.927974,40.988048],[0.92527,40.988844],[0.922337,40.986362],[0.923738,40.987367],[0.921699,40.988724],[0.9166,40.98796],[0.904162,40.977321],[0.898331,40.97519],[0.891112,40.966134],[0.880748,40.959742],[0.879758,40.956125],[0.875421,40.95196],[0.862048,40.946922],[0.858825,40.9417],[0.857857,40.935243],[0.846044,40.936773],[0.841467,40.938815],[0.835559,40.937476],[0.825696,40.941408],[0.818824,40.940728],[0.821867,40.942986],[0.810145,40.947469],[0.803432,40.952979],[0.798078,40.966433],[0.798678,40.968595],[0.792665,40.972621],[0.781751,40.991568],[0.779863,40.992276],[0.776017,40.99051],[0.776899,40.994396],[0.774672,40.997151]]]],"type":"MultiPolygon"},"id":"municipality:43162","properties":{"autonomous_community_code":"09","code":"43162","level":"municipality","name":"Vandellòs i l'Hospitalet de l'Infant","province_code":"43"},"type":"Feature"},{"geometry":{"coordinates":[[[[-3.846029,39.999527],[-3.831932,40.004044],[-3.826491,40.008471],[-3.81465,40.008852],[-3.816307,40.012228],[-3.814012,40.013307],[-3.820701,40.01708],[-3.816932,40.021422],[-3.812163,40.021456],[-3.803581,40.025047],[-3.779591,40.028094],[-3.791183,40.029268],[-3.802124,40.034743],[-3.797289,40.041263],[-3.792647,40.043331],[-3.782659,40.052508],[-3.772005,40.057206],[-3.768486,40.043949],[-3.768721,40.038612],[-3.76324,40.032266],[-3.759314,40.03019],[-3.763281,40.025779],[-3.765765,40.025285],[-3.76994,40.019311],[-3.785425,39.990043],[-3.787962,39.987647],[-3.796869,39.987082],[-3.806791,39.978193],[-3.810313,39.976961],[-3.816124,39.962369],[-3.824657,39.953353],[-3.831071,39.956155],[-3.830405,39.96207],[-3.833197,39.970258],[-3.841252,39.982516],[-3.839916,39.985391],[-3.841055,39.996077],[-3.846029,39.999527]]]],"type":"MultiPolygon"},"id":"municipality:45002","properties":{"autonomous_community_code":"08","code":"45002","level":"municipality","name":"Alameda de la Sagra","province_code":"45"},"type":"Feature"},{"geometry":{"coordinates":[[[[-3.909251,39.775084],[-3.90645,39.778818],[-3.906523,39.791459],[-3.903115,39.788989],[-3.889987,39.790703],[-3.881274,39.788914],[-3.874778,39.79327],[-3.862176,39.792391],[-3.860473,39.794449],[-3.859809,39.802139],[-3.865312,39.810622],[-3.866101,39.814823],[-3.870685,39.820736],[-3.875775,39.821265],[-3.878301,39.823264],[-3.872852,39.828504],[-3.868754,39.82885],[-3.852035,39.83574],[-3.854831,39.838783],[-3.855969,39.844811],[-3.859601,39.849809],[-3.856937,39.859254],[-3.864776,39.864394],[-3.864807,39.869424],[-3.867157,39.872862],[-3.862476,39.878073],[-3.859232,39.880061],[-3.847706,39.880645],[-3.840103,39.882742],[-3.831553,39.879967],[-3.824716,39.880612],[-3.820672,39.88138],[-3.817777,39.885311],[-3.812579,39.885806],[-3.804398,39.884719],[-3.792387,39.875653],[-3.793787,39.868246],[-3.796024,39.86551],[-3.79436,39.865206],[-3.795648,39.862305],[-3.793999,39.861316],[-3.799452,39.85663],[-3.800796,39.850548],[-3.804612,39.846016],[-3.80978,39.844133],[-3.813996,39.839905],[-3.812051,39.834522],[-3.814625,39.831783],[-3.81513,39.825013],[-3.818124,39.820298],[-3.813101,39.811494],[-3.814504,39.804646],[-3.813224,39.794168],[-3.816206,39.790471],[-3.814028,39.789008],[-3.812878,39.780592],[-3.815333,39.777872],[-3.806741,39.772084],[-3.793225,39.775574],[-3.792792,39.77246],[-3.789704,39.768868],[-3.797553,39.770139],[-3.803315,39.767585],[-3.809884,39.768251],[-3.807177,39.75535],[-3.80924,39.754119],[-3.808642,39.746852],[-3.812255,39.745476],[-3.813053,39.742839],[-3.824656,39.742937],[-3.836973,39.739398],[-3.849237,39.734498],[-3.857883,39.725902],[-3.868112,39.724673],[-3.865607,39.731521],[-3.879405,39.734643],[-3.882392,39.737341],[-3.889952,39.73805],[-3.894466,39.741529],[-3.896585,39.746522],[-3.901863,39.747634],[-3.894608,39.757025],[-3.891941,39.758388],[-3.898109,39.760512],[-3.903524,39.770209],[-3.909251,39.775084]]]],"type":"MultiPolygon"},"id":"municipality:45012","properties":{"autonomous_community_code":"08","code":"45012","level":"municipality","name":"Almonacid de Toledo","province_code":"45"},"type":"Feature"},{"geometry":{"coordinates":[[[[-3.772108,40.056358],[-3.766082,40.064806],[-3.766648,40.068039],[-3.764387,40.068997],[-3.76485,40.071029],[-3.762603,40.074939],[-3.758179,40.077496],[-3.758529,40.080503],[-3.750397,40.084602],[-3.750029,40.087035],[-3.739669,40.087721],[-3.739309,40.089324],[-3.737333,40.089138],[-3.736901,40.09904],[-3.733489,40.105113],[-3.728865,40.105464],[-3.726653,40.099803],[-3.718446,40.097255],[-3.71667,40.094301],[-3.71833,40.093366],[-3.711763,40.09049],[-3.709154,40.08536],[-3.703577,40.08369],[-3.698875,40.084252],[-3.697238,40.081154],[-3.695149,40.081879],[-3.689272,40.079767],[-3.682889,40.071732],[-3.676125,40.069163],[-3.676118,40.066307],[-3.680835,40.063044],[-3.675422,40.057669],[-3.677983,40.053547],[-3.678086,40.050242],[-3.683693,40.045657],[-3.676014,40.036294],[-3.667768,40.034518],[-3.667738,40.027824],[-3.675621,40.022136],[-3.680476,40.015846],[-3.683437,40.01561],[-3.68655,40.017722],[-3.686834,40.021708],[-3.699535,40.019736],[-3.710196,40.012036],[-3.715769,40.003464],[-3.722302,40.009337],[-3.731512,40.013844],[-3.741166,40.017018],[-3.75279,40.018153],[-3.75823,40.020812],[-3.763281,40.025779],[-3.759314,40.03019],[-3.76324,40.032266],[-3.768721,40.038612],[-3.768486,40.043949],[-3.772108,40.056358]]]],"type":"MultiPolygon"},"id":"municipality:45021","properties":{"autonomous_community_code":"08","code":"45021","level":"municipality","name":"Borox","province_code":"45"},"type":"Feature"},{"geometry":{"coordinates":[[[[-3.964191,40.163884],[-3.963125,40.164884],[-3.964181,40.167272],[-3.957486,40.173102],[-3.956759,40.183244],[-3.960755,40.187517],[-3.956251,40.196392],[-3.956297,40.199085],[-3.950848,40.196489],[-3.951773,40.191126],[-3.9498,40.189071],[-3.947497,40.194055],[-3.94283,40.196064],[-3.941029,40.201696],[-3.931143,40.203977],[-3.922611,40.198521],[-3.917628,40.192591],[-3.911711,40.190088],[-3.902104,40.190803],[-3.894165,40.188713],[-3.883187,40.188771],[-3.885844,40.183856],[-3.884874,40.177646],[-3.886644,40.174711],[-3.901075,40.159315],[-3.902281,40.155993],[-3.903956,40.156255],[-3.909178,40.150719],[-3.918268,40.154563],[-3.93948,40.158474],[-3.948254,40.162016],[-3.95984,40.1601],[-3.964191,40.163884]]]],"type":"MultiPolygon"},"id":"municipality:45038","properties":{"autonomous_community_code":"08","code":"45038","level":"municipality","name":"Carranque","province_code":"45"},"type":"Feature"},{"geometry":{"coordinates":[[[[-4.1684,40.17132],[-4.167409,40.174519],[-4.153997,40.183332],[-4.141191,40.182006],[-4.138436,40.186555],[-4.132731,40.186791],[-4.131655,40.188487],[-4.102804,40.183414],[-4.071623,40.192662],[-4.074822,40.195911],[-4.071391,40.198096],[-4.072144,40.199693],[-4.069822,40.201444],[-4.068832,40.205751],[-4.071805,40.211714],[-4.076227,40.215655],[-4.078419,40.221212],[-4.078803,40.228425],[-4.081614,40.230714],[-4.091872,40.227581],[-4.093541,40.228313],[-4.095315,40.231936],[-4.10018,40.234746],[-4.104272,40.241834],[-4.1006,40.246131],[-4.095198,40.247761],[-4.087141,40.254256],[-4.080455,40.26694],[-4.072894,40.265451],[-4.052085,40.251529],[-4.023985,40.248949],[-4.026663,40.244868],[-4.026159,40.235611],[-4.022103,40.233588],[-4.008803,40.219817],[-4.001435,40.217708],[-3.991001,40.209479],[-3.976926,40.211929],[-3.956185,40.211465],[-3.952866,40.212797],[-3.956251,40.196392],[-3.960755,40.187517],[-3.956759,40.183244],[-3.958062,40.177278],[-3.961143,40.180072],[-3.967209,40.17958],[-3.967425,40.178245],[-3.977381,40.180459],[-3.983938,40.1798],[-4.002107,40.182094],[-4.011432,40.178022],[-4.030225,40.17646],[-4.036549,40.172962],[-4.047455,40.174927],[-4.051632,40.171628],[-4.053556,40.154015],[-4.056105,40.154109],[-4.056114,40.155407],[-4.073299,40.152194],[-4.090884,40.132903],[-4.102348,40.136335],[-4.097303,40.140861],[-4.09561,40.148724],[-4.091268,40.153225],[-4.10124,40.160013],[-4.102963,40.164889],[-4.109728,40.167843],[-4.120243,40.167417],[-4.130873,40.171809],[-4.133905,40.168356],[-4.140858,40.166324],[-4.161596,40.17246],[-4.1684,40.17132]]]],"type":"MultiPolygon"},"id":"municipality:45041","properties":{"autonomous_community_code":"08","code":"45041","level":"municipality","name":"Casarrubios del Monte","province_code":"45"},"type":"Feature"},{"geometry":{"coordinates":[[[[-3.959392,40.054676],[-3.952539,40.055056],[-3.954383,40.057798],[-3.952962,40.058504],[-3.956997,40.062786],[-3.95675,40.066139],[-3.958361,40.068126],[-3.955777,40.072833],[-3.952274,40.078159],[-3.948465,40.080073],[-3.949739,40.081405],[-3.947116,40.082589],[-3.949021,40.082907],[-3.944888,40.083463],[-3.94827,40.085435],[-3.946317,40.087533],[-3.943601,40.086248],[-3.940472,40.088157],[-3.943127,40.090144],[-3.942151,40.094252],[-3.950889,40.099973],[-3.944819,40.104798],[-3.946653,40.105864],[-3.943857,40.108166],[-3.945156,40.112147],[-3.94395,40.11322],[-3.945569,40.114909],[-3.942905,40.114868],[-3.943021,40.117345],[-3.940507,40.11796],[-3.939113,40.121593],[-3.939086,40.123017],[-3.9424,40.125008],[-3.940793,40.127697],[-3.938374,40.126725],[-3.933138,40.128353],[-3.926177,40.123904],[-3.921722,40.132093],[-3.919295,40.128815],[-3.912455,40.128398],[-3.90284,40.125293],[-3.904553,40.124096],[-3.897653,40.119911],[-3.899708,40.119591],[-3.897873,40.115015],[-3.899488,40.111861],[-3.898539,40.111136],[-3.908003,40.099916],[-3.919417,40.091669],[-3.915157,40.084228],[-3.913415,40.063637],[-3.907303,40.058543],[-3.911316,40.054376],[-3.913047,40.057135],[-3.918727,40.05976],[-3.925957,40.053726],[-3.937059,40.061858],[-3.943625,40.0536],[-3.947972,40.054515],[-3.94908,40.048135],[-3.955106,40.051889],[-3.956386,40.047249],[-3.958753,40.047734],[-3.959392,40.054676]]]],"type":"MultiPolygon"},"id":"municipality:45047","properties":{"autonomous_community_code":"08","code":"45047","level":"municipality","name":"Cedillo del Condado","province_code":"45"},"type":"Feature"},{"geometry":{"coordinates":[[[[-3.894395,40.001298],[-3.891839,40.007709],[-3.877116,40.012312],[-3.875494,40.017266],[-3.866701,40.025768],[-3.861069,40.03586],[-3.853899,40.031346],[-3.852992,40.027208],[-3.847711,40.026625],[-3.843481,40.0238],[-3.832855,40.021201],[-3.816932,40.021422],[-3.820701,40.01708],[-3.814012,40.013307],[-3.816307,40.012228],[-3.81465,40.008852],[-3.826491,40.008471],[-3.831932,40.004044],[-3.846029,39.999527],[-3.84114,39.99631],[-3.840101,39.984227],[-3.841252,39.982516],[-3.857482,39.978595],[-3.854718,39.994526],[-3.868498,39.997631],[-3.870889,39.997776],[-3.872384,39.995584],[-3.881218,39.996617],[-3.894395,40.001298]]]],"type":"MultiPolygon"},"id":"municipality:45051","properties":{"autonomous_community_code":"08","code":"45051","level":"municipality","name":"Cobeja","province_code":"45"},"type":"Feature"},{"geometry":{"coordinates":[[[[-3.798045,40.101284],[-3.794386,40.104931],[-3.787191,40.106728],[-3.768244,40.117994],[-3.746152,40.120417],[-3.739126,40.125748],[-3.739822,40.129664],[-3.738229,40.131555],[-3.742134,40.134094],[-3.728215,40.14487],[-3.722216,40.147713],[-3.712147,40.142669],[-3.712504,40.130337],[-3.716078,40.124848],[-3.726818,40.12061],[-3.732962,40.112435],[-3.733437,40.105261],[-3.737072,40.098508],[-3.737333,40.089138],[-3.739309,40.089324],[-3.739669,40.087721],[-3.750029,40.087035],[-3.750397,40.084602],[-3.758529,40.080503],[-3.758179,40.077496],[-3.762603,40.074939],[-3.764332,40.071548],[-3.777547,40.072836],[-3.781194,40.076875],[-3.780524,40.079808],[-3.789598,40.084027],[-3.788462,40.091836],[-3.791418,40.096657],[-3.79548,40.098148],[-3.796231,40.100757],[-3.798045,40.101284]]]],"type":"MultiPolygon"},"id":"municipality:45064","properties":{"autonomous_community_code":"08","code":"45064","level":"municipality","name":"Esquivias","province_code":"45"},"type":"Feature"},{"geometry":{"coordinates":[[[[-3.91436,40.130304],[-3.909436,40.142204],[-3.910178,40.148752],[-3.903956,40.156255],[-3.902358,40.156111],[-3.899918,40.151633],[-3.896219,40.150649],[-3.887201,40.142655],[-3.886132,40.143949],[-3.883892,40.142709],[-3.882928,40.14436],[-3.878517,40.141876],[-3.868973,40.147855],[-3.863246,40.148614],[-3.859153,40.154557],[-3.861503,40.158619],[-3.853071,40.158109],[-3.845854,40.162562],[-3.843939,40.161053],[-3.840838,40.162664],[-3.834186,40.161352],[-3.817569,40.171253],[-3.810364,40.169003],[-3.806751,40.177223],[-3.800038,40.1754],[-3.783242,40.161612],[-3.778952,40.156227],[-3.777563,40.146243],[-3.771467,40.141098],[-3.771433,40.139779],[-3.784853,40.138325],[-3.803204,40.133439],[-3.814464,40.134083],[-3.816341,40.132715],[-3.82259,40.123525],[-3.824349,40.111637],[-3.823658,40.102192],[-3.817629,40.097503],[-3.822175,40.091794],[-3.825896,40.090385],[-3.83209,40.091087],[-3.832804,40.095665],[-3.838496,40.095866],[-3.838394,40.098357],[-3.83966,40.098785],[-3.851391,40.097322],[-3.862822,40.100983],[-3.864493,40.098502],[-3.869676,40.103075],[-3.894427,40.107238],[-3.899488,40.111861],[-3.897873,40.115015],[-3.899708,40.119591],[-3.897653,40.119911],[-3.898816,40.121759],[-3.904553,40.124096],[-3.90284,40.125293],[-3.913068,40.127684],[-3.91436,40.130304]]]],"type":"MultiPolygon"},"id":"municipality:45081","properties":{"autonomous_community_code":"08","code":"45081","level":"municipality","name":"Illescas","province_code":"45"},"type":"Feature"},{"geometry":{"coordinates":[[[[-3.949654,39.901614],[-3.945982,39.905918],[-3.946259,39.91263],[-3.943295,39.928351],[-3.94422,39.930308],[-3.93647,39.930859],[-3.936016,39.940512],[-3.934407,39.942679],[-3.929491,39.943537],[-3.927268,39.94653],[-3.914503,39.95272],[-3.905495,39.95123],[-3.9052,39.954509],[-3.889546,39.95263],[-3.872175,39.948261],[-3.86981,39.937213],[-3.866379,39.931398],[-3.873925,39.929822],[-3.875662,39.927328],[-3.867448,39.917037],[-3.876134,39.910139],[-3.887842,39.907194],[-3.89667,39.91219],[-3.901215,39.911677],[-3.903486,39.910885],[-3.904881,39.907585],[-3.901474,39.902891],[-3.902155,39.901272],[-3.907821,39.906021],[-3.909506,39.912243],[-3.913177,39.912953],[-3.919918,39.908674],[-3.920467,39.905985],[-3.915575,39.901501],[-3.916895,39.898733],[-3.925367,39.894585],[-3.929563,39.894326],[-3.933138,39.896658],[-3.932791,39.902922],[-3.935396,39.903514],[-3.941531,39.899662],[-3.9419,39.89756],[-3.938104,39.893653],[-3.938852,39.891007],[-3.945368,39.8869],[-3.946739,39.895875],[-3.94901,39.898509],[-3.947593,39.899308],[-3.949654,39.901614]]]],"type":"MultiPolygon"},"id":"municipality:45102","properties":{"autonomous_community_code":"08","code":"45102","level":"municipality","name":"Mocejón","province_code":"45"},"type":"Feature"},{"geometry":{"coordinates":[[[[-3.879174,40.062491],[-3.8734,40.068239],[-3.874449,40.069965],[-3.871412,40.077349],[-3.865017,40.086352],[-3.864493,40.098502],[-3.862822,40.100983],[-3.851391,40.097322],[-3.83966,40.098785],[-3.838394,40.098357],[-3.838496,40.095866],[-3.832804,40.095665],[-3.83209,40.091087],[-3.825896,40.090385],[-3.822175,40.091794],[-3.817629,40.097503],[-3.813852,40.095416],[-3.802877,40.094467],[-3.800446,40.099457],[-3.798045,40.101284],[-3.796231,40.100757],[-3.79548,40.098148],[-3.791418,40.096657],[-3.788462,40.091836],[-3.789598,40.084027],[-3.780524,40.079808],[-3.781194,40.076875],[-3.777547,40.072836],[-3.764332,40.071548],[-3.764387,40.068997],[-3.766648,40.068039],[-3.766082,40.064806],[-3.769991,40.06094],[-3.77321,40.060614],[-3.77766,40.063624],[-3.792337,40.063349],[-3.804439,40.067168],[-3.816172,40.068606],[-3.819086,40.063956],[-3.825997,40.068175],[-3.835572,40.069059],[-3.837669,40.059923],[-3.843011,40.055129],[-3.84922,40.053958],[-3.852919,40.056056],[-3.856146,40.053018],[-3.865527,40.053391],[-3.87249,40.058821],[-3.875819,40.058783],[-3.875466,40.060864],[-3.879174,40.062491]]]],"type":"MultiPolygon"},"id":"municipality:45119","properties":{"autonomous_community_code":"08","code":"45119","level":"municipality","name":"Numancia de la Sagra","province_code":"45"},"type":"Feature"},{"geometry":{"coordinates":[[[[-3.873095,40.045529],[-3.872029,40.048829],[-3.867813,40.051303],[-3.866632,40.054895],[-3.864797,40.053181],[-3.856146,40.053018],[-3.852919,40.056056],[-3.84922,40.053958],[-3.843011,40.055129],[-3.837669,40.059923],[-3.835572,40.069059],[-3.825997,40.068175],[-3.819086,40.063956],[-3.816172,40.068606],[-3.804439,40.067168],[-3.792337,40.063349],[-3.77766,40.063624],[-3.774946,40.060692],[-3.769991,40.06094],[-3.772005,40.057206],[-3.782659,40.052508],[-3.792647,40.043331],[-3.797289,40.041263],[-3.802124,40.034743],[-3.791183,40.029268],[-3.779591,40.028094],[-3.803581,40.025047],[-3.812163,40.021456],[-3.832855,40.021201],[-3.852992,40.027208],[-3.854279,40.03173],[-3.866061,40.037893],[-3.873095,40.045529]]]],"type":"MultiPolygon"},"id":"municipality:45128","properties":{"autonomous_community_code":"08","code":"45128","level":"municipality","name":"Pantoja","province_code":"45"},"type":"Feature"},{"geometry":{"coordinates":[[[[-3.733793,40.10788],[-3.732824,40.112689],[-3.726818,40.12061],[-3.716217,40.124721],[-3.712876,40.129517],[-3.711569,40.139287],[-3.712914,40.141697],[-3.694951,40.133781],[-3.683723,40.13227],[-3.677893,40.139163],[-3.667312,40.143291],[-3.665832,40.135287],[-3.660555,40.128372],[-3.656682,40.127942],[-3.656331,40.12534],[-3.648149,40.1244],[-3.640955,40.120522],[-3.628888,40.117794],[-3.621938,40.113332],[-3.62121,40.115185],[-3.607628,40.108967],[-3.613031,40.103171],[-3.616325,40.094864],[-3.612921,40.092252],[-3.607963,40.095298],[-3.604542,40.094581],[-3.603739,40.092786],[-3.610364,40.08187],[-3.619229,40.079846],[-3.623344,40.081191],[-3.628954,40.078266],[-3.627521,40.07484],[-3.616566,40.068807],[-3.624235,40.060596],[-3.619528,40.057692],[-3.621906,40.054871],[-3.625513,40.053358],[-3.630743,40.053814],[-3.639221,40.050451],[-3.639793,40.046869],[-3.635587,40.042364],[-3.639133,40.040214],[-3.647259,40.041628],[-3.649226,40.0388],[-3.650013,40.031963],[-3.654762,40.03231],[-3.658628,40.037029],[-3.666166,40.035209],[-3.668147,40.032829],[-3.667738,40.027824],[-3.667768,40.034518],[-3.676014,40.036294],[-3.683693,40.045657],[-3.678086,40.050242],[-3.677983,40.053547],[-3.675422,40.057669],[-3.680835,40.063044],[-3.676118,40.066307],[-3.676125,40.069163],[-3.682889,40.071732],[-3.689272,40.079767],[-3.695149,40.081879],[-3.697238,40.081154],[-3.698875,40.084252],[-3.703577,40.08369],[-3.709154,40.08536],[-3.711763,40.09049],[-3.71833,40.093366],[-3.71667,40.094301],[-3.718446,40.097255],[-3.726653,40.099803],[-3.728865,40.105464],[-3.733489,40.105113],[-3.733793,40.10788]]]],"type":"MultiPolygon"},"id":"municipality:45161","properties":{"autonomous_community_code":"08","code":"45161","level":"municipality","name":"Seseña","province_code":"45"},"type":"Feature"},{"geometry":{"coordinates":[[[[-4.179933,39.908707],[-4.176276,39.91242],[-4.167153,39.910512],[-4.160528,39.913102],[-4.15727,39.907084],[-4.122236,39.910149],[-4.108964,39.907554],[-4.096374,39.908071],[-4.096153,39.904089],[-4.089525,39.903497],[-4.087037,39.910047],[-4.08508,39.911335],[-4.085323,39.914215],[-4.093508,39.918223],[-4.086424,39.919133],[-4.081159,39.917418],[-4.078695,39.924882],[-4.077171,39.925132],[-4.065499,39.922189],[-4.064132,39.920605],[-4.056064,39.920655],[-4.054285,39.922237],[-4.049886,39.914155],[-4.043674,39.914287],[-4.044567,39.91214],[-4.040938,39.909125],[-4.031818,39.906851],[-4.031444,39.908794],[-4.028298,39.906339],[-4.02256,39.90623],[-4.022441,39.907596],[-4.018301,39.908228],[-4.014508,39.907304],[-4.013204,39.90987],[-4.011353,39.907227],[-4.008343,39.907582],[-4.000158,39.909885],[-3.995672,39.914231],[-3.992037,39.913444],[-3.994667,39.907634],[-3.986725,39.907105],[-3.984448,39.903825],[-3.982032,39.905254],[-3.982947,39.906658],[-3.980834,39.910561],[-3.971728,39.912414],[-3.964216,39.911979],[-3.954367,39.915635],[-3.954649,39.917166],[-3.945184,39.917171],[-3.945982,39.905918],[-3.949654,39.901614],[-3.947593,39.899308],[-3.94901,39.898509],[-3.946739,39.895875],[-3.945368,39.8869],[-3.941835,39.888487],[-3.938106,39.892941],[-3.9419,39.89756],[-3.941323,39.899844],[-3.933328,39.903702],[-3.933408,39.897583],[-3.931338,39.894978],[-3.928155,39.893986],[-3.921144,39.896294],[-3.916895,39.898733],[-3.915575,39.901501],[-3.920467,39.905985],[-3.91922,39.909869],[-3.910641,39.913198],[-3.907821,39.906021],[-3.902155,39.901272],[-3.901474,39.902891],[-3.904923,39.906269],[-3.903486,39.910885],[-3.89667,39.91219],[-3.887842,39.907194],[-3.875427,39.910685],[-3.865431,39.903574],[-3.84488,39.902642],[-3.834548,39.899934],[-3.814894,39.885742],[-3.817777,39.885311],[-3.820672,39.88138],[-3.824716,39.880612],[-3.831553,39.879967],[-3.840103,39.882742],[-3.847706,39.880645],[-3.859232,39.880061],[-3.862476,39.878073],[-3.867157,39.872862],[-3.864807,39.869424],[-3.864776,39.864394],[-3.856937,39.859254],[-3.859886,39.847221],[-3.870907,39.844846],[-3.879634,39.848662],[-3.878423,39.854282],[-3.885388,39.852552],[-3.893191,39.853189],[-3.906991,39.838735],[-3.913232,39.845395],[-3.91983,39.846271],[-3.929536,39.852213],[-3.936654,39.852009],[-3.941304,39.849164],[-3.941412,39.844302],[-3.940119,39.843798],[-3.944438,39.839498],[-3.939827,39.833842],[-3.9435,39.831868],[-3.950599,39.830957],[-3.960724,39.834126],[-3.964665,39.832038],[-3.974543,39.835597],[-3.970709,39.831028],[-3.961775,39.82649],[-3.959319,39.822111],[-3.95608,39.821643],[-3.960502,39.815885],[-3.967842,39.813749],[-3.978278,39.8176],[-3.976741,39.814939],[-3.980658,39.812284],[-3.989911,39.813782],[-4.001197,39.811668],[-4.004474,39.815458],[-4.005757,39.820781],[-4.011801,39.819816],[-4.018421,39.822204],[-4.017917,39.828416],[-4.029573,39.818592],[-4.034534,39.818387],[-4.03504,39.82007],[-4.037933,39.820809],[-4.046226,39.816805],[-4.051085,39.8264],[-4.057251,39.823156],[-4.062998,39.824894],[-4.06673,39.824215],[-4.067145,39.826548],[-4.070782,39.826264],[-4.080165,39.819948],[-4.078889,39.81925],[-4.081584,39.816962],[-4.089125,39.817416],[-4.096007,39.82001],[-4.095995,39.827399],[-4.101422,39.826239],[-4.104841,39.829603],[-4.108251,39.827967],[-4.108097,39.834383],[-4.104714,39.836208],[-4.109371,39.836596],[-4.110826,39.839871],[-4.114875,39.840913],[-4.11457,39.842962],[-4.130791,39.827875],[-4.136466,39.827357],[-4.139559,39.831507],[-4.146086,39.831208],[-4.153369,39.834594],[-4.155272,39.840339],[-4.171823,39.837423],[-4.173587,39.839492],[-4.178611,39.84004],[-4.17954,39.846883],[-4.173517,39.860737],[-4.16473,39.863366],[-4.161894,39.867138],[-4.156004,39.870777],[-4.148537,39.864462],[-4.141204,39.862853],[-4.131004,39.86431],[-4.128855,39.866954],[-4.123046,39.868963],[-4.126251,39.874022],[-4.133444,39.878394],[-4.135187,39.88554],[-4.137968,39.887486],[-4.153116,39.884831],[-4.154755,39.882148],[-4.152845,39.879131],[-4.155062,39.87746],[-4.163265,39.878477],[-4.169452,39.881983],[-4.167725,39.886289],[-4.170884,39.890491],[-4.172978,39.890459],[-4.16824,39.893205],[-4.168723,39.897073],[-4.163797,39.899508],[-4.162715,39.904348],[-4.175567,39.904204],[-4.179933,39.908707]]]],"type":"MultiPolygon"},"id":"municipality:45168","properties":{"autonomous_community_code":"08","code":"45168","level":"municipality","name":"Toledo","province_code":"45"},"type":"Feature"},{"geometry":{"coordinates":[[[[-3.90255,40.155215],[-3.901075,40.159315],[-3.884874,40.177646],[-3.885844,40.183856],[-3.883187,40.188771],[-3.877724,40.188671],[-3.876322,40.191223],[-3.866634,40.188078],[-3.85364,40.179908],[-3.851445,40.177515],[-3.852796,40.169241],[-3.840838,40.162664],[-3.843939,40.161053],[-3.845854,40.162562],[-3.853071,40.158109],[-3.861503,40.158619],[-3.859153,40.154557],[-3.863246,40.148614],[-3.868973,40.147855],[-3.878517,40.141876],[-3.882928,40.14436],[-3.883892,40.142709],[-3.886132,40.143949],[-3.887201,40.142655],[-3.896219,40.150649],[-3.899918,40.151633],[-3.90255,40.155215]]]],"type":"MultiPolygon"},"id":"municipality:45176","properties":{"autonomous_community_code":"08","code":"45176","level":"municipality","name":"Ugena","province_code":"45"},"type":"Feature"},{"geometry":{"coordinates":[[[[-4.05361,40.154474],[-4.051632,40.171628],[-4.047455,40.174927],[-4.036549,40.172962],[-4.030225,40.17646],[-4.011432,40.178022],[-4.002107,40.182094],[-3.99555,40.181926],[-3.967425,40.178245],[-3.967209,40.17958],[-3.961143,40.180072],[-3.958062,40.177278],[-3.957486,40.173102],[-3.964181,40.167272],[-3.963125,40.164884],[-3.964191,40.163884],[-3.95984,40.1601],[-3.948254,40.162016],[-3.93948,40.158474],[-3.918268,40.154563],[-3.908753,40.150358],[-3.910178,40.148752],[-3.909436,40.142204],[-3.91436,40.130304],[-3.913703,40.12828],[-3.919295,40.128815],[-3.921722,40.132093],[-3.926177,40.123904],[-3.933138,40.128353],[-3.938374,40.126725],[-3.940142,40.128134],[-3.9424,40.125008],[-3.966481,40.13235],[-3.980428,40.1399],[-3.990879,40.141757],[-3.992676,40.143427],[-4.007185,40.128238],[-4.009792,40.119593],[-4.014262,40.11477],[-4.019688,40.117479],[-4.027028,40.124081],[-4.031725,40.125031],[-4.040402,40.139161],[-4.041328,40.145207],[-4.044953,40.146562],[-4.045996,40.150291],[-4.05361,40.154474]]]],"type":"MultiPolygon"},"id":"municipality:45199","properties":{"autonomous_community_code":"08","code":"45199","level":"municipality","name":"El Viso de San Juan","province_code":"45"},"type":"Feature"},{"geometry":{"coordinates":[[[[-3.956386,40.047249],[-3.955106,40.051889],[-3.94908,40.048135],[-3.947972,40.054515],[-3.943625,40.0536],[-3.937059,40.061858],[-3.926627,40.053883],[-3.918727,40.05976],[-3.913047,40.057135],[-3.911316,40.054376],[-3.907303,40.058543],[-3.913525,40.063969],[-3.91444,40.080534],[-3.8922,40.070532],[-3.891184,40.069918],[-3.892838,40.068212],[-3.876558,40.061904],[-3.875819,40.058783],[-3.87249,40.058821],[-3.866527,40.054525],[-3.867813,40.051303],[-3.872029,40.048829],[-3.878037,40.038167],[-3.88787,40.031454],[-3.897488,40.033409],[-3.897943,40.030686],[-3.901145,40.027844],[-3.902678,40.028556],[-3.900064,40.036128],[-3.908963,40.038134],[-3.918729,40.043711],[-3.956386,40.047249]]]],"type":"MultiPolygon"},"id":"municipality:45203","properties":{"autonomous_community_code":"08","code":"45203","level":"municipality","name":"Yuncler","province_code":"45"},"type":"Feature"},{"geometry":{"coordinates":[[[[-3.919417,40.091669],[-3.908003,40.099916],[-3.898539,40.111136],[-3.896165,40.108197],[-3.891361,40.106054],[-3.874798,40.10455],[-3.869168,40.102835],[-3.864471,40.098798],[-3.865017,40.086352],[-3.871412,40.077349],[-3.874449,40.069965],[-3.8734,40.068239],[-3.879174,40.062491],[-3.892838,40.068212],[-3.891184,40.069918],[-3.898234,40.073702],[-3.914462,40.080539],[-3.916482,40.087749],[-3.919417,40.091669]]]],"type":"MultiPolygon"},"id":"municipality:45205","properties":{"autonomous_community_code":"08","code":"45205","level":"municipality","name":"Yuncos","province_code":"45"},"type":"Feature"},{"geometry":{"coordinates":[[[[-5.105732,41.67277],[-5.10163,41.675178],[-5.101718,41.680463],[-5.097651,41.688039],[-5.087262,41.697848],[-5.080563,41.707723],[-5.078975,41.700592],[-5.074288,41.69348],[-5.064706,41.692599],[-5.067511,41.686758],[-5.063384,41.67679],[-5.06696,41.666521],[-5.0752,41.660554],[-5.082831,41.658462],[-5.086305,41.65258],[-5.093046,41.651989],[-5.096553,41.649386],[-5.097772,41.650318],[-5.100965,41.64881],[-5.099485,41.652061],[-5.102978,41.654951],[-5.103162,41.664315],[-5.100709,41.66717],[-5.105732,41.67277]]]],"type":"MultiPolygon"},"id":"municipality:47014","properties":{"autonomous_community_code":"07","code":"47014","level":"municipality","name":"Barruelo del Valle","province_code":"47"},"type":"Feature"},{"geometry":{"coordinates":[[[[-5.13823,41.734557],[-5.135092,41.734201],[-5.123077,41.744331],[-5.103005,41.753166],[-5.081515,41.7674],[-5.073165,41.770352],[-5.078418,41.774328],[-5.066542,41.776533],[-5.063268,41.781383],[-5.065099,41.788924],[-5.063667,41.803558],[-5.056957,41.817314],[-5.044182,41.816506],[-5.048345,41.803976],[-5.045655,41.793577],[-5.035855,41.794994],[-5.014416,41.805621],[-5.005838,41.80578],[-4.998946,41.810602],[-5.005516,41.814351],[-5.00207,41.813501],[-4.990748,41.815644],[-4.984972,41.809106],[-4.964864,41.793988],[-4.974225,41.775499],[-4.987437,41.771642],[-4.996152,41.759747],[-5.011855,41.749133],[-5.015922,41.739191],[-5.026697,41.733886],[-5.046346,41.73279],[-5.047378,41.729682],[-5.073757,41.716249],[-5.087262,41.697848],[-5.093432,41.693178],[-5.103521,41.694498],[-5.11934,41.700899],[-5.135317,41.702864],[-5.132353,41.70372],[-5.131201,41.705957],[-5.137672,41.708647],[-5.130891,41.726416],[-5.13823,41.734557]]]],"type":"MultiPolygon"},"id":"municipality:47043","properties":{"autonomous_community_code":"07","code":"47043","level":"municipality","name":"Castromonte","province_code":"47"},"type":"Feature"},{"geometry":{"coordinates":[[[[-4.941799,41.752356],[-4.935741,41.761672],[-4.93127,41.761819],[-4.912996,41.769853],[-4.905281,41.776258],[-4.896454,41.771928],[-4.889148,41.76406],[-4.884922,41.762274],[-4.889685,41.747506],[-4.90587,41.729082],[-4.919691,41.732103],[-4.924532,41.734796],[-4.934203,41.742902],[-4.941799,41.752356]]],[[[-5.11702,41.872755],[-5.110552,41.883096],[-5.115169,41.889702],[-5.112473,41.893841],[-5.114901,41.898011],[-5.108355,41.896915],[-5.099789,41.902548],[-5.107917,41.912909],[-5.108011,41.920869],[-5.110992,41.924984],[-5.109288,41.92706],[-5.100187,41.923156],[-5.095454,41.925548],[-5.090255,41.924769],[-5.077441,41.932387],[-5.069498,41.935151],[-5.064969,41.932738],[-5.061246,41.936597],[-5.048443,41.939456],[-5.045658,41.927419],[-5.027409,41.917827],[-5.026474,41.91307],[-5.005654,41.910094],[-4.995038,41.906821],[-4.987564,41.899097],[-4.984172,41.902839],[-4.985279,41.904712],[-4.983289,41.907034],[-4.98309,41.911891],[-4.976451,41.9136],[-4.975766,41.91798],[-4.977399,41.918528],[-4.971914,41.919379],[-4.967036,41.924668],[-4.957197,41.928277],[-4.955439,41.931153],[-4.949587,41.933828],[-4.932447,41.926652],[-4.928068,41.918998],[-4.931158,41.914704],[-4.927026,41.905596],[-4.927817,41.901458],[-4.92638,41.894538],[-4.932004,41.888373],[-4.9381,41.887478],[-4.935899,41.883651],[-4.937479,41.881301],[-4.942901,41.880444],[-4.943949,41.87885],[-4.953969,41.883372],[-4.956362,41.882386],[-4.966037,41.883472],[-4.969782,41.886506],[-4.983766,41.892057],[-4.986681,41.891214],[-4.992346,41.893133],[-4.994125,41.886771],[-4.999789,41.883646],[-5.002543,41.873439],[-4.998497,41.861937],[-4.998881,41.85685],[-4.997185,41.855024],[-5.001951,41.851771],[-5.002395,41.841668],[-4.994917,41.83244],[-4.995055,41.829907],[-4.98212,41.815793],[-4.981376,41.809231],[-4.982993,41.808167],[-4.990748,41.815644],[-5.00207,41.813501],[-5.005516,41.814351],[-5.008518,41.817559],[-5.007211,41.825057],[-5.004176,41.826209],[-5.008054,41.82968],[-5.010116,41.834382],[-5.03447,41.851983],[-5.045534,41.8514],[-5.071023,41.8391],[-5.071257,41.844859],[-5.075556,41.850023],[-5.078548,41.859489],[-5.092959,41.870998],[-5.101464,41.868348],[-5.115392,41.867615],[-5.11702,41.872755]]]],"type":"MultiPolygon"},"id":"municipality:47086","properties":{"autonomous_community_code":"07","code":"47086","level":"municipality","name":"Medina de Rioseco","province_code":"47"},"type":"Feature"},{"geometry":{"coordinates":[[[[-4.982993,41.808167],[-4.981376,41.809231],[-4.98212,41.815793],[-4.976102,41.811132],[-4.952591,41.800051],[-4.942862,41.799153],[-4.92818,41.800437],[-4.923992,41.799228],[-4.921932,41.792346],[-4.912586,41.779154],[-4.905281,41.776258],[-4.912996,41.769853],[-4.934252,41.760959],[-4.938755,41.767115],[-4.951941,41.765928],[-4.955639,41.762938],[-4.959058,41.763411],[-4.964111,41.767378],[-4.967473,41.765582],[-4.974225,41.775499],[-4.964864,41.793988],[-4.982993,41.808167]]]],"type":"MultiPolygon"},"id":"municipality:47099","properties":{"autonomous_community_code":"07","code":"47099","level":"municipality","name":"La Mudarra","province_code":"47"},"type":"Feature"},{"geometry":{"coordinates":[[[[-5.040085,41.732514],[-5.026697,41.733886],[-5.015922,41.739191],[-5.011855,41.749133],[-4.996152,41.759747],[-4.987437,41.771642],[-4.974225,41.775499],[-4.967473,41.765582],[-4.964111,41.767378],[-4.959058,41.763411],[-4.955639,41.762938],[-4.951941,41.765928],[-4.938755,41.767115],[-4.935741,41.761672],[-4.941799,41.752356],[-4.934203,41.742902],[-4.919691,41.732103],[-4.920788,41.724546],[-4.919105,41.71727],[-4.90985,41.719748],[-4.908581,41.717085],[-4.924062,41.712171],[-4.923877,41.709607],[-4.929815,41.709615],[-4.929523,41.707495],[-4.940869,41.707484],[-4.945759,41.701043],[-4.952793,41.680506],[-4.959584,41.68139],[-4.98308,41.67932],[-4.989515,41.682686],[-4.996104,41.680518],[-5.004291,41.680673],[-5.01032,41.684467],[-5.014704,41.69291],[-5.01466,41.699189],[-5.016802,41.70623],[-5.023092,41.712469],[-5.038038,41.720644],[-5.040085,41.732514]]]],"type":"MultiPolygon"},"id":"municipality:47115","properties":{"autonomous_community_code":"07","code":"47115","level":"municipality","name":"Peñaflor de Hornija","province_code":"47"},"type":"Feature"},{"geometry":{"coordinates":[[[[-5.196247,41.689727],[-5.182083,41.692645],[-5.153378,41.711803],[-5.149242,41.70889],[-5.145548,41.710581],[-5.131201,41.705957],[-5.132353,41.70372],[-5.135317,41.702864],[-5.11934,41.700899],[-5.103521,41.694498],[-5.093432,41.693178],[-5.101718,41.680463],[-5.10163,41.675178],[-5.130646,41.662944],[-5.147976,41.650606],[-5.148247,41.64862],[-5.151086,41.648053],[-5.151118,41.649737],[-5.156222,41.65156],[-5.167272,41.651253],[-5.169878,41.653428],[-5.173997,41.653765],[-5.174154,41.655599],[-5.179746,41.659005],[-5.182794,41.655381],[-5.182315,41.659335],[-5.189314,41.66067],[-5.191629,41.663427],[-5.188379,41.668541],[-5.190692,41.671199],[-5.18825,41.675353],[-5.188767,41.677153],[-5.1906,41.677352],[-5.193947,41.688528],[-5.196247,41.689727]]]],"type":"MultiPolygon"},"id":"municipality:47142","properties":{"autonomous_community_code":"07","code":"47142","level":"municipality","name":"San Cebrián de Mazote","province_code":"47"},"type":"Feature"},{"geometry":{"coordinates":[[[[-5.084974,41.654136],[-5.082831,41.658462],[-5.074995,41.660891],[-5.075047,41.659161],[-5.069756,41.656681],[-5.059399,41.655426],[-5.056658,41.660987],[-5.044058,41.66286],[-5.043469,41.668544],[-5.030518,41.67343],[-5.01958,41.673623],[-5.017678,41.671954],[-5.016003,41.675244],[-5.00867,41.675481],[-5.002185,41.677845],[-5.000404,41.680479],[-4.989515,41.682686],[-4.98308,41.67932],[-4.959584,41.68139],[-4.952793,41.680506],[-4.944464,41.670415],[-4.949501,41.667763],[-4.948441,41.666881],[-4.956544,41.665131],[-4.964336,41.659477],[-4.969902,41.650979],[-4.977938,41.643599],[-4.976396,41.636736],[-4.981256,41.637841],[-4.987915,41.625982],[-4.987411,41.623252],[-4.978898,41.620022],[-4.975578,41.622141],[-4.967158,41.62197],[-4.960876,41.626158],[-4.950534,41.629558],[-4.934733,41.628663],[-4.919706,41.633589],[-4.915283,41.639517],[-4.914477,41.64353],[-4.910928,41.644498],[-4.910706,41.642683],[-4.914074,41.632332],[-4.919767,41.629589],[-4.923916,41.629835],[-4.933322,41.619995],[-4.934477,41.62329],[-4.96158,41.615329],[-4.987489,41.610543],[-4.986495,41.609425],[-4.993004,41.609583],[-4.998628,41.607485],[-5.006655,41.608219],[-5.028045,41.603395],[-5.033091,41.618481],[-5.048814,41.629109],[-5.047666,41.63647],[-5.055281,41.648276],[-5.070611,41.652639],[-5.084974,41.654136]]],[[[-5.080563,41.707723],[-5.073757,41.716249],[-5.047378,41.729682],[-5.046346,41.73279],[-5.040085,41.732514],[-5.038038,41.720644],[-5.027407,41.715149],[-5.03526,41.712209],[-5.033369,41.706749],[-5.034367,41.700274],[-5.062969,41.692756],[-5.070377,41.692191],[-5.074288,41.69348],[-5.078975,41.700592],[-5.080563,41.707723]]]],"type":"MultiPolygon"},"id":"municipality:47171","properties":{"autonomous_community_code":"07","code":"47171","level":"municipality","name":"Torrelobatón","province_code":"47"},"type":"Feature"},{"geometry":{"coordinates":[[[[-5.002563,41.842448],[-5.001951,41.851771],[-4.997185,41.855024],[-4.998881,41.85685],[-4.998497,41.861937],[-5.002543,41.873439],[-4.999789,41.883646],[-4.994125,41.886771],[-4.992346,41.893133],[-4.986681,41.891214],[-4.983766,41.892057],[-4.969782,41.886506],[-4.966037,41.883472],[-4.956362,41.882386],[-4.953969,41.883372],[-4.94218,41.878511],[-4.940287,41.876507],[-4.943578,41.861429],[-4.941651,41.841144],[-4.937216,41.842245],[-4.941994,41.834554],[-4.942662,41.818827],[-4.9336,41.813765],[-4.930878,41.810514],[-4.916767,41.803969],[-4.92818,41.800437],[-4.942862,41.799153],[-4.952591,41.800051],[-4.976102,41.811132],[-4.98212,41.815793],[-4.995055,41.829907],[-4.994917,41.83244],[-5.002563,41.842448]]]],"type":"MultiPolygon"},"id":"municipality:47181","properties":{"autonomous_community_code":"07","code":"47181","level":"municipality","name":"Valdenebro de los Valles","province_code":"47"},"type":"Feature"},{"geometry":{"coordinates":[[[[-5.069469,41.836083],[-5.069435,41.839533],[-5.04981,41.849891],[-5.03447,41.851983],[-5.010903,41.835304],[-5.008054,41.82968],[-5.004176,41.826209],[-5.007211,41.825057],[-5.008518,41.817559],[-4.998946,41.810602],[-5.005838,41.80578],[-5.014416,41.805621],[-5.035855,41.794994],[-5.045655,41.793577],[-5.048345,41.803976],[-5.044182,41.816506],[-5.056957,41.817314],[-5.058481,41.827662],[-5.069469,41.836083]]]],"type":"MultiPolygon"},"id":"municipality:47185","properties":{"autonomous_community_code":"07","code":"47185","level":"municipality","name":"Valverde de Campos","province_code":"47"},"type":"Feature"},{"geometry":{"coordinates":[[[[-4.86246,41.554244],[-4.847336,41.561208],[-4.831969,41.561472],[-4.825149,41.563706],[-4.818346,41.561895],[-4.809038,41.56741],[-4.793317,41.563721],[-4.790612,41.572539],[-4.787995,41.575549],[-4.785699,41.575689],[-4.774894,41.59269],[-4.784422,41.588343],[-4.790312,41.589754],[-4.788857,41.591858],[-4.797133,41.606948],[-4.779645,41.611183],[-4.769695,41.620397],[-4.761689,41.624399],[-4.765805,41.624861],[-4.769287,41.627352],[-4.776107,41.634803],[-4.767318,41.643839],[-4.764492,41.643204],[-4.763789,41.649051],[-4.761345,41.650953],[-4.765305,41.65348],[-4.760405,41.663458],[-4.763399,41.662993],[-4.766662,41.665073],[-4.781179,41.664646],[-4.78886,41.667876],[-4.793772,41.671468],[-4.791469,41.673731],[-4.793239,41.676045],[-4.791178,41.678419],[-4.791853,41.68021],[-4.787816,41.679768],[-4.78653,41.684093],[-4.793163,41.68544],[-4.792398,41.68774],[-4.797372,41.686419],[-4.800893,41.689444],[-4.809184,41.686468],[-4.810401,41.687863],[-4.803503,41.691268],[-4.793266,41.693463],[-4.793997,41.695127],[-4.791981,41.695654],[-4.786233,41.692915],[-4.774217,41.694245],[-4.759605,41.690732],[-4.745508,41.692001],[-4.737576,41.696886],[-4.72206,41.69231],[-4.7155,41.698235],[-4.71379,41.69764],[-4.706709,41.711624],[-4.695025,41.716219],[-4.687015,41.714221],[-4.682271,41.704671],[-4.682927,41.701725],[-4.685504,41.699616],[-4.697404,41.698774],[-4.698538,41.696668],[-4.697148,41.689961],[-4.688212,41.684412],[-4.669428,41.682269],[-4.656899,41.685238],[-4.646045,41.684979],[-4.634434,41.691132],[-4.634956,41.692037],[-4.632237,41.6919],[-4.630816,41.687431],[-4.632315,41.685127],[-4.638806,41.685707],[-4.647801,41.68237],[-4.645687,41.679008],[-4.649121,41.676146],[-4.654404,41.674969],[-4.657638,41.669536],[-4.660634,41.669049],[-4.659399,41.66253],[-4.654528,41.656394],[-4.656926,41.649798],[-4.654635,41.640135],[-4.647764,41.633185],[-4.647429,41.627849],[-4.643496,41.626999],[-4.653266,41.625643],[-4.663632,41.626349],[-4.667929,41.623999],[-4.67608,41.622638],[-4.678424,41.620442],[-4.694007,41.614602],[-4.69562,41.610652],[-4.692298,41.604774],[-4.695054,41.593574],[-4.710235,41.590998],[-4.723601,41.59686],[-4.728403,41.5965],[-4.734187,41.592054],[-4.750135,41.588587],[-4.755124,41.583639],[-4.75709,41.579168],[-4.757993,41.575308],[-4.756375,41.566488],[-4.759415,41.558327],[-4.761243,41.55675],[-4.773959,41.554753],[-4.770875,41.550445],[-4.767442,41.548791],[-4.76949,41.547382],[-4.774124,41.548067],[-4.778869,41.539635],[-4.778724,41.538259],[-4.768732,41.534955],[-4.771467,41.533282],[-4.769913,41.531676],[-4.767135,41.534412],[-4.764799,41.533178],[-4.765154,41.530786],[-4.78415,41.528502],[-4.782894,41.524666],[-4.787819,41.523329],[-4.790006,41.524835],[-4.793199,41.523704],[-4.79617,41.52627],[-4.800347,41.526925],[-4.812597,41.526084],[-4.813881,41.524443],[-4.832858,41.528187],[-4.831263,41.533082],[-4.834287,41.53646],[-4.86246,41.554244]]],[[[-4.916255,41.628963],[-4.911017,41.640201],[-4.907034,41.64441],[-4.887876,41.619084],[-4.89587,41.617467],[-4.900078,41.620144],[-4.902665,41.618309],[-4.900779,41.615827],[-4.900679,41.614046],[-4.902352,41.614198],[-4.913185,41.619332],[-4.912807,41.621969],[-4.916255,41.628963]]],[[[-4.92818,41.800437],[-4.916767,41.803969],[-4.90869,41.80033],[-4.889418,41.798649],[-4.877455,41.805285],[-4.876897,41.808861],[-4.860962,41.811471],[-4.851326,41.815509],[-4.851081,41.810334],[-4.85416,41.802728],[-4.851427,41.789739],[-4.851463,41.782209],[-4.847924,41.779231],[-4.839849,41.780054],[-4.831476,41.769101],[-4.825438,41.756858],[-4.81797,41.747556],[-4.812588,41.737482],[-4.831725,41.733873],[-4.851114,41.722763],[-4.858087,41.722362],[-4.865919,41.726279],[-4.871117,41.7314],[-4.919105,41.71727],[-4.920788,41.724546],[-4.919691,41.732103],[-4.90587,41.729082],[-4.889685,41.747506],[-4.884922,41.762274],[-4.889148,41.76406],[-4.896454,41.771928],[-4.912586,41.779154],[-4.921932,41.792346],[-4.923405,41.798535],[-4.92818,41.800437]]]],"type":"MultiPolygon"},"id":"municipality:47186","properties":{"autonomous_community_code":"07","code":"47186","level":"municipality","name":"Valladolid","province_code":"47"},"type":"Feature"},{"geometry":{"coordinates":[[[[-5.163753,41.879989],[-5.147399,41.887168],[-5.14562,41.890569],[-5.140208,41.894165],[-5.140085,41.896256],[-5.131959,41.897308],[-5.129869,41.895717],[-5.119308,41.897506],[-5.11919,41.89904],[-5.114901,41.898011],[-5.112473,41.893841],[-5.115169,41.889702],[-5.110552,41.883096],[-5.11702,41.872755],[-5.115392,41.867615],[-5.101464,41.868348],[-5.092959,41.870998],[-5.078548,41.859489],[-5.075556,41.850023],[-5.071257,41.844859],[-5.069469,41.836083],[-5.058481,41.827662],[-5.056886,41.818477],[-5.063667,41.803558],[-5.065099,41.788924],[-5.063567,41.780576],[-5.068016,41.775587],[-5.078418,41.774328],[-5.073165,41.770352],[-5.078502,41.769085],[-5.091931,41.759916],[-5.112043,41.789611],[-5.112692,41.797281],[-5.135457,41.820636],[-5.135849,41.828438],[-5.140088,41.841832],[-5.139054,41.84404],[-5.142965,41.851523],[-5.148526,41.851383],[-5.149681,41.856738],[-5.152887,41.859308],[-5.154028,41.863871],[-5.16099,41.870251],[-5.162708,41.875821],[-5.161634,41.876471],[-5.163753,41.879989]]]],"type":"MultiPolygon"},"id":"municipality:47197","properties":{"autonomous_community_code":"07","code":"47197","level":"municipality","name":"Villabrágima","province_code":"47"},"type":"Feature"},{"geometry":{"coordinates":[[[[-4.909029,41.718825],[-4.883023,41.728585],[-4.871117,41.7314],[-4.865919,41.726279],[-4.858087,41.722362],[-4.851114,41.722763],[-4.834008,41.732981],[-4.815757,41.737315],[-4.797227,41.698472],[-4.791981,41.695654],[-4.793997,41.695127],[-4.793266,41.693463],[-4.803503,41.691268],[-4.810401,41.687863],[-4.809184,41.686468],[-4.800893,41.689444],[-4.797372,41.686419],[-4.792398,41.68774],[-4.793163,41.68544],[-4.78653,41.684093],[-4.786764,41.682135],[-4.787816,41.679768],[-4.791853,41.68021],[-4.791178,41.678419],[-4.793239,41.676045],[-4.791994,41.673164],[-4.807936,41.676652],[-4.83049,41.674683],[-4.829375,41.667964],[-4.867122,41.671905],[-4.871861,41.680798],[-4.869256,41.685425],[-4.885403,41.696095],[-4.886772,41.702206],[-4.892185,41.708125],[-4.902613,41.709988],[-4.90472,41.712952],[-4.908814,41.714821],[-4.909029,41.718825]]]],"type":"MultiPolygon"},"id":"municipality:47217","properties":{"autonomous_community_code":"07","code":"47217","level":"municipality","name":"Villanubla","province_code":"47"},"type":"Feature"},{"geometry":{"coordinates":[[[[-0.7419,41.611083],[-0.738031,41.613646],[-0.740856,41.615917],[-0.736456,41.61919],[-0.739978,41.622141],[-0.731779,41.630049],[-0.733207,41.63314],[-0.730349,41.634533],[-0.729864,41.638081],[-0.731374,41.640894],[-0.729057,41.644316],[-0.726292,41.644072],[-0.724591,41.646335],[-0.720155,41.647156],[-0.717654,41.652015],[-0.715832,41.652276],[-0.711911,41.657206],[-0.701621,41.657811],[-0.695385,41.654885],[-0.683143,41.660699],[-0.679988,41.66495],[-0.680168,41.667637],[-0.677093,41.669286],[-0.676073,41.672616],[-0.672699,41.673565],[-0.673871,41.679056],[-0.663326,41.687263],[-0.664161,41.688099],[-0.66274,41.68952],[-0.649278,41.691632],[-0.64911,41.695564],[-0.655894,41.699026],[-0.656404,41.704495],[-0.622755,41.704118],[-0.608094,41.705732],[-0.599101,41.70322],[-0.600437,41.697025],[-0.595441,41.670514],[-0.587537,41.658631],[-0.582322,41.646201],[-0.575847,41.638598],[-0.575431,41.629196],[-0.573022,41.623363],[-0.561117,41.614699],[-0.560057,41.612265],[-0.563503,41.609884],[-0.562268,41.606423],[-0.563564,41.603792],[-0.570078,41.600475],[-0.581333,41.598868],[-0.585864,41.592708],[-0.600841,41.594066],[-0.602528,41.589902],[-0.606989,41.590899],[-0.604497,41.588027],[-0.605965,41.5865],[-0.604679,41.580619],[-0.611814,41.574837],[-0.618238,41.575119],[-0.623762,41.571871],[-0.629719,41.565863],[-0.637234,41.572062],[-0.674304,41.591901],[-0.688925,41.603622],[-0.699958,41.588651],[-0.698824,41.582734],[-0.70174,41.579637],[-0.698818,41.575716],[-0.700387,41.570973],[-0.706029,41.5715],[-0.705842,41.572722],[-0.71111,41.575367],[-0.718819,41.568306],[-0.722674,41.569157],[-0.719326,41.576034],[-0.71903,41.582054],[-0.724974,41.584946],[-0.730027,41.58247],[-0.740191,41.583742],[-0.73676,41.587538],[-0.737573,41.591391],[-0.727506,41.590724],[-0.725648,41.593074],[-0.723451,41.59312],[-0.723158,41.596006],[-0.7419,41.611083]]]],"type":"MultiPolygon"},"id":"municipality:50017","properties":{"autonomous_community_code":"02","code":"50017","level":"municipality","name":"Alfajarín","province_code":"50"},"type":"Feature"},{"geometry":{"coordinates":[[[[-0.780578,41.634894],[-0.766718,41.647585],[-0.760093,41.647825],[-0.756594,41.646244],[-0.748678,41.648062],[-0.74705,41.649633],[-0.747685,41.651059],[-0.736658,41.656967],[-0.733981,41.660696],[-0.727869,41.661368],[-0.726338,41.664598],[-0.718577,41.66602],[-0.718897,41.661379],[-0.712518,41.656344],[-0.717654,41.652015],[-0.720155,41.647156],[-0.724591,41.646335],[-0.726292,41.644072],[-0.729057,41.644316],[-0.730902,41.642029],[-0.730349,41.634533],[-0.733207,41.63314],[-0.732098,41.629497],[-0.739978,41.622141],[-0.736456,41.61919],[-0.740856,41.615917],[-0.738031,41.613646],[-0.74126,41.611899],[-0.741168,41.609718],[-0.765596,41.608142],[-0.769648,41.612778],[-0.766783,41.619631],[-0.771216,41.625436],[-0.768617,41.626646],[-0.774864,41.628596],[-0.773573,41.632966],[-0.780578,41.634894]]]],"type":"MultiPolygon"},"id":"municipality:50219","properties":{"autonomous_community_code":"02","code":"50219","level":"municipality","name":"La Puebla de Alfindén","province_code":"50"},"type":"Feature"},{"geometry":{"coordinates":[[[[-1.21406,41.823393],[-1.198646,41.833747],[-1.20014,41.839955],[-1.197827,41.840804],[-1.197603,41.836324],[-1.195182,41.835917],[-1.193868,41.832114],[-1.196337,41.829522],[-1.213114,41.821678],[-1.21406,41.823393]]],[[[-1.386286,41.956314],[-1.374353,41.962],[-1.365965,41.982829],[-1.351493,42.002435],[-1.34108,42.01239],[-1.33952,42.018014],[-1.328196,42.027981],[-1.304822,42.042949],[-1.220863,42.025197],[-1.219977,42.027074],[-1.211646,42.029971],[-1.207324,42.021276],[-1.179766,42.014798],[-1.129461,41.99522],[-1.120131,41.993491],[-1.106575,41.99506],[-1.092144,41.991975],[-1.088472,41.990428],[-1.079303,41.981403],[-1.065961,41.975965],[-1.034632,41.978602],[-1.023886,41.967421],[-1.016129,41.964612],[-1.010066,41.958563],[-1.007267,41.958947],[-0.994302,41.949904],[-0.986852,41.94664],[-0.985654,41.942566],[-0.980166,41.935661],[-0.979103,41.928059],[-0.994787,41.92366],[-1.005006,41.918489],[-1.009398,41.919195],[-1.017527,41.915626],[-1.020819,41.912917],[-1.024422,41.904397],[-1.028226,41.902229],[-1.039131,41.901227],[-1.046068,41.898689],[-1.055765,41.898916],[-1.069211,41.893181],[-1.078852,41.886012],[-1.089916,41.887611],[-1.100583,41.885159],[-1.114502,41.89054],[-1.179623,41.884306],[-1.194027,41.884669],[-1.206895,41.880926],[-1.21004,41.878795],[-1.212674,41.872064],[-1.204121,41.865085],[-1.197024,41.862524],[-1.205831,41.852197],[-1.211709,41.851352],[-1.210286,41.845349],[-1.207511,41.844685],[-1.223444,41.834286],[-1.227644,41.837882],[-1.228795,41.845078],[-1.220436,41.853316],[-1.219639,41.859473],[-1.225187,41.860117],[-1.229861,41.855317],[-1.230482,41.858569],[-1.228409,41.861221],[-1.233303,41.863314],[-1.237128,41.867506],[-1.244441,41.867537],[-1.249598,41.871939],[-1.265561,41.877838],[-1.278868,41.88582],[-1.28138,41.885182],[-1.28511,41.876834],[-1.283569,41.874542],[-1.284266,41.872814],[-1.287472,41.874141],[-1.290036,41.878313],[-1.298412,41.885535],[-1.308363,41.883898],[-1.313648,41.888668],[-1.321173,41.884843],[-1.328339,41.890135],[-1.329431,41.893546],[-1.325535,41.899191],[-1.32548,41.90173],[-1.33109,41.907143],[-1.333556,41.91197],[-1.337255,41.91532],[-1.350558,41.918502],[-1.35201,41.921549],[-1.362068,41.928619],[-1.36205,41.934482],[-1.366399,41.94274],[-1.373109,41.945456],[-1.37701,41.951491],[-1.38009,41.9504],[-1.386286,41.956314]]]],"type":"MultiPolygon"},"id":"municipality:50252","properties":{"autonomous_community_code":"02","code":"50252","level":"municipality","name":"Tauste","province_code":"50"},"type":"Feature"},{"geometry":{"coordinates":[[[[-0.815354,41.698924],[-0.813966,41.705768],[-0.805867,41.711179],[-0.807076,41.713749],[-0.803269,41.715079],[-0.802022,41.712816],[-0.796973,41.712605],[-0.795764,41.719502],[-0.792285,41.720149],[-0.790768,41.722157],[-0.764498,41.730792],[-0.756398,41.729412],[-0.755982,41.731636],[-0.744366,41.734538],[-0.745157,41.736224],[-0.742771,41.738861],[-0.73766,41.737925],[-0.719527,41.739744],[-0.712036,41.742408],[-0.705987,41.733983],[-0.704983,41.728757],[-0.706623,41.726935],[-0.701446,41.721752],[-0.692531,41.719583],[-0.686355,41.716162],[-0.683782,41.709824],[-0.673311,41.707883],[-0.67198,41.704803],[-0.664965,41.698743],[-0.654389,41.69878],[-0.648557,41.694256],[-0.649278,41.691632],[-0.66274,41.68952],[-0.664161,41.688099],[-0.663326,41.687263],[-0.673871,41.679056],[-0.672699,41.673565],[-0.676073,41.672616],[-0.677093,41.669286],[-0.680168,41.667637],[-0.679988,41.66495],[-0.682546,41.661273],[-0.695385,41.654885],[-0.702219,41.657886],[-0.712662,41.65668],[-0.718897,41.661379],[-0.71961,41.666347],[-0.726338,41.664598],[-0.727147,41.662074],[-0.730402,41.660365],[-0.733981,41.660696],[-0.736658,41.656967],[-0.747685,41.651059],[-0.74705,41.649633],[-0.748678,41.648062],[-0.756594,41.646244],[-0.764956,41.647992],[-0.772369,41.655075],[-0.801761,41.664523],[-0.807604,41.669716],[-0.810004,41.680275],[-0.809487,41.689941],[-0.812143,41.690495],[-0.813231,41.697178],[-0.815354,41.698924]]]],"type":"MultiPolygon"},"id":"municipality:50903","properties":{"autonomous_community_code":"02","code":"50903","level":"municipality","name":"Villamayor de Gállego","province_code":"50"},"type":"Feature"}],"type":"FeatureCollection"}